-- format table population
insert into format (id, name) values (1, 'Fabaceae');
insert into format (id, name) values (2, 'Rhamnaceae');
insert into format (id, name) values (3, 'Hydrophyllaceae');
insert into format (id, name) values (4, 'Hippocastanaceae');
insert into format (id, name) values (5, 'Mycocaliciaceae');
insert into format (id, name) values (6, 'Scrophulariaceae');
insert into format (id, name) values (7, 'Fabaceae');
insert into format (id, name) values (8, 'Sapindaceae');
insert into format (id, name) values (9, 'Chenopodiaceae');
insert into format (id, name) values (10, 'Poaceae');
-- image table population
insert into image(id, content) values(0, decode('iVBORw0KGgoAAAANSUhEUgAAAOAAAADgCAMAAAAt85rTAAAAaVBMVEX8/v8Ak7cAi7IAkLUAjbMA
j7Xi8PcAk7YAirKZydym0eLA3er9/f77/v8Akrjv9/u22ObO5O4embzr9fl3uNHb7PNRqcZEo8Jg
r8uLw9g2nr+nz+C+3Oljssxvts+u1uXU6PGBvdSfzuDc6ULsAAAHoklEQVR4nO2ca3eqOhCGzQ2x
DrEK3thqtf//R56AVkkyQe0+WxLXPF9Lu/IyyWRudDQiCIIgCIIgCIIgCIIgCIIgCIIgCIIgCIIg
CIIgCIIgCIK4AEMv4F/z+eYSi3xxfGeFMOci/35jhbBVjPHT+yqEWjCj8PC2CjNjQIN8VxvCJ28F
Mv7xngrhIM4CNV++pUJQ47M+Jup3FAjHyw5tNunnGyqEiboKZPXQq/kHwErcBPL5+5lwJvVNoHi/
yxB28qbPOJr3E3i6ONEz6u1uCliwLnwaFjh74bL+N2CpLIGy56KoU8w44ENaAtWfkAg4SJ6lpxA2
4jELwnfOxCpBgTmzBQbOoEmKGRuHfhov7bo7t8Q44EVhxoQ2weoiOYFb28eE7sFzTtzvZKME1vYR
FBvcgNXlPSR3CkuuLYESzXnh+7qRefnyNf4N8CVtgTzDnprLO28gWq7J/M8ORdIlgLJzTgN7OFaA
2QZUW2z5dfctLF6+yL+gm8yfdyhS4Ia95WhFSofQSuZbEH3f9ktIKt2wkvnGOv4OhakT6mBGjpbC
XryW3uIhsw9pWha0k3mGBmIL4QjUCZ1Bk8xbS1cTz4Ab95CypKJRy/8z7aV7MOGuPpFSAyPjY2vt
a1ff3NPH8oR8zL1kHkrpepi0gm2TzFsCctd91K6DMZdEQj50NLIdiL1DwY1gWpJqIZoTZh1B+WUt
HnEwJhYvhlrtLzDJfFegFqVlwXmu3RPY9g/TMaGTzHfcBzQRjPIcDOPBkmKUzOw4rbtDYVQgDkYe
ICWB8GlfEnm3MG8iGM+Aaj3YWn+Fk8xbF5zvYDQTbJaS/UwmYTddurUWmPoOlKnEyvawtOtp8rZ+
KAXiYFJr/brJ/C1JgGLhCRznqRV83UtC3UIULIJJb0QInGT+1lWBLZJCeIli5y+9ZsHP4ibz8ifQ
xhwMD+uDMtKmqJPMXwNtyKQe2/LG4Qgbiq25PV626KeoLRHXerWJYFwHExwkBfhQksXZ9YXMPoI/
uS6sPAfDq0BDDaaLZjfLKO8PN5m/NK6RFEnu8X4aHFfnZ50sKxLczvz5GoedU+RlWgb6hdkmv9g6
znZT4e7DzCQKkHn7Ey/BwKxS1xcUpcBuw68lL5sUySvyKiyDh9FEqZurjXIuwe3Mtw0Hd9viFQqA
L22lUnmMXtRtujROxo9gxMJLkIzrrB3jR3kPusMxTFWw8/R5CVLrOp1XE2ehdOaI0UxPvSKv12qC
cuPKM09FWafJ/HjTK1G449smLFN+ncaudMSC17n20dzuhcLoW/lZlJVmRYTJ5u8JtI8WwG7h+pbL
c2WMApszOEbX+2M/pjsOFGC+xt/ImEcZpyFe1KU7kgbLVY4cvvYxE4hHWcz37kF3490iUCgPMvSw
XA1byYcW9CcT/ERdV/7TJGtdZ2g3czzReBEA5XL++TlfFpjGEvOINwNePAyM/iikRXF5qClkDKXQ
qJusGedSSr7Yz32J7oyazTn9bTLasKF5PWAv25wbrq6lB8FrP+DvNWHbJWtcJ/4WdGu+4U4fwHfu
9G75yr2u4IOz0OYzyRMY1xmQ13QSVTUbrtEExYZ7nUuh3coJHHq233JWSaR8f/lbsho0QypqbPeJ
3E28YRVUKNYqJE9IdSoHbRMW69Cl7FRvAQ7BeCYsb/EH9cqvo2fn+QonwWOGy+Pr6cDyRvDVE0Z7
/+wAlrU/6hNAK1kdh29hz3q8v9ZuaAxNneIxI0q2HdBx3hZ8yLGk9Io/zApH/YBCJSex9K+Pk7rP
JsJz8FCEvenPL8ltEYm8xoijed8VXfsBCFT96a/cRFYYNEFWOIZUSAYAVY8NtblA49I3aiRug94R
a2Yic723NxJl82gEcxHapti4xCwUl2q+i1Jfky8hs1gXm/j+Hr4Cm1QMmtP2AsGYDf0+KfCsbHLJ
cIP+Xwq4i1EYOFmq+W8HzpW/xxWKY9bHsEVfwCYGz3bxqrVwCoXofeQDzzfDLOhKP5yNFxTYx/Bf
2oVL9E1Pvutq3C9dHyKCLwyawgSKG3eX98I1hOENOMLnzs6YC79TvD71lhED7yiKCK4IJgty9XMf
gjH0o2lh5/fRj0VfDkyDa1d8m7W172x/pxeDEU1nt6fEO1Zqva82dbD3EPo9hvbvh6IvyWei4Sll
Z2QdjT5vausXCKGUlEqq9n0IxfWAdW0f8OZ7nlPH1braTj6+Pibb7ak6VKfJLh7zNaAz9A/SVOnn
lz5ch6ElOdxrd/YgV8OWsR8Djvnz19xZXyIf8/hTaI+hYgjGHgGWv3KkWGYcKf0N3QBaRhFsPsbs
FwaMtd6E0tuUwVGBYfQogeevitT+/xY8uUm138WIHJg+dRkm+L9wsc/Gg0SSzT5HuHzhkcwNb9N8
t/PQNhWJfY58w/8yCdVXx9PvfJaVvGvDsYooW3+e/V1fKtcp6xvdm43RPJEMKQjMF8ER0OZjkEiH
sJ8AilNoBFvwdZxD9M/QtAazPUem0dC50jQBWJ60vI0Mjc3WlGozTfz0dTFSpqe6nXluxp55XX3O
+prVKQIARbb7MuyyIr5S4P9DpHVOgiAIgiAIgiAIgiAIgiAIgiAIgiAIgiAIgiAIgiAIgiCG5j/P
bl+ozjCPFAAAAABJRU5ErkJggg==
', 'base64'));
insert into image(id, content) values (1, decode('/9j/4AAQSkZJRgABAQEASABIAAD//gAXQ3JlYXRlZCB3aXRoIFRoZSBHSU1Q/9sAQwABAQEBAQEB
AQEBAQEBAQEBAQEBAQEBAQEBAQEBAQEBAQEBAQEBAQEBAQEBAQEBAQEBAQEBAQEBAQEBAQEBAQEB
/9sAQwEBAQEBAQEBAQEBAQEBAQEBAQEBAQEBAQEBAQEBAQEBAQEBAQEBAQEBAQEBAQEBAQEBAQEB
AQEBAQEBAQEBAQEB/8AAEQgCAAKAAwEiAAIRAQMRAf/EAB8AAQACAgMBAQEBAAAAAAAAAAAJCggL
BQYHBAIBA//EADwQAAEEAwABBAEDAwEFBQkBAAACAwQFAQYHCAkREhMUChUhFiIxQSMyNFGBFyVC
YXIYGiQzU3GSoqOx/8QAHgEBAAAGAwEAAAAAAAAAAAAAAAECAwQICQUGBwr/xABGEQABBAIBAQQG
CQIEBAILAAAAAQIDBAUGEQcIEiExExRBUWFxCRUigZGhscHwFjJC0eHxFyMkMxhiGSUmRFJTcoKT
wsP/2gAMAwEAAhEDEQA/AL/AAAAAAAAAAAAAAAAAAAAAAAAAAAAAAAAAAAAAAAAAAAAAAAAAAAAA
AAAAAAAAAAAAAAAAAAAAAAAAAAAAAAAAAAAAAAAAAAAAAAAAAAAAAAAAAAAAAAAAAAAAAAAAAAAA
AAAAAAAAAAAAAAAAAAAAAAAAAAAAAAAAAAAAAAAAAAAAAAAAAAAAAAAAAAAAAAAAAAAAAAAAAAAA
AAAAAAAAAAAAAAAAAAAAAAAAAAAAAAAAAAAAAAAAAAAAAAAAAAAAAAAAAAAAAAAAAAAAAAAAAAAA
AAAAAAAAAAAAAAAAAAAAAAAAAAAAAAAAAAAAAAAAAAAAAAAAAAAAAAAAAAAAAAAAAAAAAAAAAAAA
AAAAAAAAAAAAAAAAAAAAAAAAAAAAAAAAAAAAAAAAAAAAAAAAAAAAAAAAAAAAAAAAAAAAAAAAAAAA
AAAAAAAAAAAAAAAAAAAAAAAAAAAAAAAAAAAAAAAAAAAAAAAAAAAAAAAAAAAAAAAAAAAAAAAAAAAA
AAAAAAAAAAAAAAAAAAAAAAAAAAAAAAAAAAAAAAAAAAAAAAAAAAAAAAAAAAAAAAAAAAAAAAAAAAAA
AAAAAAAAAAAAAAAAAAAAAAAAAAAAAAAAAAAAAAAAAAAAAAAAB1HS951nf6ydaaxYtz2aq+vdWuGM
f2S6fY9Zs5FReUtlHzn7Is6BOjOIcacxj7GlMyWsrjvsuL7cQG+QvZNr9MPz3X2ndJUqb4TeadlD
iby3XsyZjnK+10VBArXdrXC+KGGmNgiRI1lZZiuLk2la1eP4jPTaCMiZFqd5eE8+OUT3/BPieldN
ens3Uy3ntbw1j/2yhwNvN6lh14V21WsOqWsrrVFqJ3nZqxhvXcniY0d/1c2JkxjGPs367o58gfFW
2MC4roFtVy2J9bZw41hXzoziXY0yFMZRIiyWHU5ylxl9hxDra059lIVjOP8AJ9pA83e1zHOY9rmP
Y5WvY9Fa5rmqqOa5qoitc1UVFRURUVFRU5AABKAAAAAAAAAAAAAAAADhJ2y6/W2MannXNbHupzDk
qDSKlsrup8ZleEOvwKhtS7Kay0vOEuuRYrqW8/7+ce2QVIopZnKyGKSV6Nc9WxMdI5GMRXPcrWoq
91rUVznccNRFVVRDmwcU3cxHHm2Es2uFu5wlKnKK8aZxnP8Aj7JDtciOzj/mp51Ccf65wcqCD45I
1RJI3xqqcoj2uaqp5cp3kTlOfDlAAASAAAAAAAAAAAAAAAAAAAHkfce4c58d+cXnUeoXjdLrVKlp
lpttGZNtfXM1f0VGt65VtZ/Kudhu5mUQ6usiIW9IfX8s/Blt11v0LW7Cyt9dobW4p3tet7Omq7C0
oJD7UqRR2M2ExJm078pjGGZL1ZJdchOvs4w084wpxv8AsUkHIPxWRixdfNS05osVcu2cfTvSN7kF
u7Shrz3a9VzlRbD6UVym+4sKPbV9cqJO6N1qBJOaAAOPAAAAAAAAAAAAAAAAAAAAAAAAAAAAAAAA
AAAAAAAAAAAAAAAAAAAAAAAAAAAAAAABDL66vC7Xsfg5fX9RWWWwyeLXyumP65AnzIiJkFvWth1i
TdutRGn/AMpzTcbAja8MONYTIg1djXuPxo1hJeTM0cRsNDVbTQ3es3sNqwpNiqLKiuID6cKZm1dt
DegWER1Of4U1JiSHWXMZ/jKV5wRavdVFT2Lyd76Ybzc6adQtO32jGs8+rZ6hlXV0e6JbVWGVG3qb
ZWObJC63RfYrNnjc2SF0qSxua9jXJSx9Gz1cmvGuxR46+Tm2WS+D2qXVaDuE5mZcO8w2BbjasVU9
banp6NIt0/cnGGWJWKK0Uw/htiskTnot1OmuanYqmtvqGzg3NJcQo1lVW1ZKZm11jXzGUSIk2FLj
rcYkxpDDiHWXmlqbcQpKkqzjJrXvP3w/2/wr8kt65Pe1k9vUnrWwvOXbDJaViJtGhTpjrlRLiyfb
635Na2vFTbN4zhyPYRHcOIwh1pS5ofQZ9Riq5zbSvFjvXVGaTTbt6nquEVVvVT5TOd2vrixcsoEr
b1uyWqWJOQupqKWol/iU2ZrrCoiYkt+xkT68jEcnpGePPiqInnz7U8PP2rz8V8FTx2o9sXss6t1J
06XtPdD1W3LmMZR2XYtew9J9urseNuMiWbYsTVxsEs9TN1Ek9NsVZ7HQTMhu3rDqV2pddeuJA6Dz
rqfOet0srYeabprm7U9fb2Wv2U3XLWJaN1l9TyFxLWlssRXXFQbSvkoU1KhycNvN5xhXxy2tC1d+
Lc0926duhZmpXqtilcrSLFYqW4ZK9mCVv90c0EzWSxPb7WPa1ye1AAAW4AAABx1vcVOv1dheX1pX
UlJUQ5Fja3FvNjVtXWV8RpT0qdYWE11mJChxmULdkSZLzTDLSVOOLShOc4r3eaP6hLgfHHLbSfFm
jY8ht+i/fEXu0uRLqOM0s1GVI+2PPYwzfdB+h1GcLa17FLQTWHESK7dJGMKazM1quXhqc/t8z07p
f0b6l9Zcz9R9OdTyex2Y3R+vW4WMrYjFRyL9mbLZm2+DG45iojnRts2WTWO45lWKeVEjWwla21VR
Vs65vLOvpqesivTbK1tZkaura+HHRlx+XOnTHGYsSKw3jK3pEh1tptGMqWtKcZyQs+Vnry+Fnj5+
5UHNrSf5L9Ah5dYRV8ylR4+gxpiMKylNr1Gcy/SvxF/HGMS9KgbxlK1JQ6y1/epunn5SefXlf5jW
b0jufW768178r8qu53Suf01zanUhfzjfhabUZj1cuTDx7Nx7i7Tb7ApvH/xFvIXlS1YcldsCJ4uX
n4J4J+Pn+hte6O/Rf65jW1Mt1s2qbY7qdyWTUtQlsY3Bsd4KsF/YJooczkY3IqtemNrYF8b0T0dy
dni6bHsfr5efPSN7qtm0rZ9U4xq2v2arCq0DTdchWtbY/Ft5mOjc7naGrW42jLbTysvw2nabXZUh
LUpWvNvMMZbxy3b1a/P7qVnGV0Pyc6wnXMyUZs6Hk93R8Oky675e7tdFuud6vXOxvtb/ANjmVOh2
zim8qw+h9Ss5I2wVUYxPJqeHwRV/FfE2AYXs79CdehpRYfpD08pvx1VadK7/AEriLGVrxK5z1e3M
Wqs+Wdac97nvvPuuuvfw91hXNaqT0cO9errXAq5OvaV40cO/YHltO3FhbbB2DY+lbPIbxnGZ21dM
3Dftnub+erKnVtuT4jsSF9zjNdChxPjGTMZovrxeLO5c6iWvX+uNcd3yRXpkL1njekdW6JaVMqTH
wvMR6837k9JpEidDd+DciOumvqv8hLiIV29FxiZKpFgldEx3sVF+Ht+fPPJ5LvnYa7PW+WG5CbXM
pr2ZW0lq3nMDmJZ8lk147rocl/U8WyUrcciIiSSPpJac1O56yjOWlzdf6jTxZ0Oqrdap9S8nO6zq
5LjVj0Ld6LjehTr5bjzjv5SK7TpNRVIbZQ5iNHaa0/X14YZaxJTKk/dNf6v0v9StyiJB0K647w/b
tgdVcWcPqGi9Keg6hat1S4sVymuND3bV7bdqZ3EaQ3Oj2kHYNZalTFSYOYaYTUaVIep4Ah6FnuX8
fP8Anw4Ov1vo8+zFDaguWNVzWQlZLZktR2dkyMFXIJahnhkjnpYxcfUpxRrOs9ZuGhxa1JooHVnR
MiSMvwcC9evwE7LiFXbhte08B2aT9bSq7q2vupoHJavb7Exd21RzYtfjwUe+cpnbM7q/zSnPzjtL
ylCpedH6FoXTtfi7ZzbdtR6Bq83/AIPY9J2On2milZ+KV5SxbUcydAdVhK0qUlD6lJwrGVYx74NV
Meo8m7b1/hGzM7lxnpe68x2ZnLfyttL2KzoX5bTSsqxEs24MhqNbV685Ul+ttGZkCQha25EZ1tak
5lWBv+FVT5+Kfsv6nhfUn6LjQsoyzc6W7znNTuuR8kOH2eKLY8G5/j3K0N6u3H5nHwL4c2LLs9M3
hV9HJyiN2m4KeHh5+o26LqztVqHmZozPSKDH0xF9Z5vArqDfYaf7UKm7Fpn2wNR2fHvn5POa+5pb
8eOha0V9xLVhtyTbp/6hzwD0qCy5o6+tdisZCcZxD1TQn9ZiQlZT8sps5/RpuoOt4T/ufKrr7f3X
nHsn6/dzFJY3ovHdVfinin4+z7+DXftvYl7S2p7KzWv+GmX2ZZ1etLPakiZnWrcTFRvpn5bivHie
8vPdgz8eJtuRFeldY+HrOyCKnwh9YDxZ8594/wCyrRoPQuf9TVTWd5D1DodNUR2b6FTJaetc63fa
7eX1bPfgw3fzXYNh+z2TkSNPlRoL8aDIfTKsSKiovCpwvxPAN40Dc+muel1jfNbymrZ6KCK2uOyt
f0MslSdZGwW672q+C1UmfFMyO1WlmgfJDLG2RXxPa0ACB1AAAAADOcYxnOc4xjGPfOc/xjGMf5zn
P+mMAA8u7L2LQODc22/qfSdgraDWNO12/wBilrnT4UKVZp1+ln3r9RSMzZEf9zvJsStkIraqLlyX
NkYS0w0tWfYjd9Qn1euAeFmqTKjULrV+095mvyq2n5prWyQZ8PWZkZLeZNn0qxqH5bmtwoeHmss0
q8N3908pLERiLFTMtINMPyO8vPLH1EOpatE6TsFlvN5Z7CzRcw5Zqdf+36zT2+zzI1dDqNU1uKpf
3WNjIVDg5s7KRY3UvGG0SrJ1vGMJqMjV3iv2W+9f2/z8vnxwZydnDsPb/wBZmVNw2x//AA+6XxSS
WLObzET4MtmqdVqyWFwONn9BxSd3fRy5zIS1MfCz001RcjJWlrpP14O7p271hvOiP5Idrq5lL4q+
Ktl/U/N+aM4kuaZjpSnmF6PVTH1tNxNk2esSnG7bRZuqcWwqroqn8GNTXTTBa1MDfTR8W7Pw+8Nu
S8a2eFWRN/iw7TaOjrq1MPNvbltVrLt5keRNjKWzYSKOuerNa/NacdYfZpWcx3Fx8NqznkQeqK7w
8Gp4NRPLj3/evieN9pLf8DuvUe7i9Go4/EdMdAZNpPTnFYh3ON+oMVdsJJnGP55t3Novvs5y3kJ1
ku2mWqzLdiw+u2RQAJDH8AAAAAAAAAAAAAAAAAAAAAAAAAAAAAAAAAAAAAAAAAAAAAAAAAAAAAAA
AAAAAAAAAAAij9ZjxfY8lPB3puaHSYu2dV5dGg9B5vIZjNK2CB+z21a9ukOnk4RmU4m10tu6S9Ut
L+u0mRa73adlRofw17kaRLrpjEuK6/CnwJLUiO+0pbEqJMiupcadbWnKXGZEd5tK0KTlK23EYzjO
FJNr8pKVJUlScKSrGUqSrGMpUnOPbKVYz74zjOM5xnGce2cfxkpmetn6X256t2lXkT4+6LEs9D6z
aa3QP8z5zqMx2+hdMsGJLM1dRrmq00hE2Psi4Ll7Mmv/AI7mLSZKYSp75xmsV4XonLV8Pai/h4fv
+Jtk+jh7SGJ1p2R6Fbpbho47M37uwadmMjdc2pBkZ4KUGR1h7J+9BWgvMrvy1J6Pr122kyiTq+a7
CRueBXqjdx8Dtq6HcaxR6x0mh67fUl90ak3Ry5blzJ1VJuH5Fpr1nV2MaPS3lpi8mInz5VVbsSfr
h/dCXiK18bOnih6/Xiv3rYmNO6zVS/HPYbSZ9FDO2i8avdJlIefWxEj2u3Jq6RmjsXPih1386Bin
ZRIaT+8rWh/DdIHc9L23nW03mj73rlxqO4azPcq9g1rYIEisuaewZwlTkSwgSkNvxn0pWhfwcRjO
ULQtPulSc56xnHv/ABkqujY/x44X3p+Xw4/iGfXV/sd9B+uz7mzZPDPxm0ZmjU9Bu+q5KWvYmihp
Vq2MtPppLPgcpCyjXqQxSTUHvkpsZHDZjRWyJtgIkuLPixp0GTHmwpsdmXDmRHm5EWXFkNpejyY0
hlS2n2H2lodZeaWptxtSVoUpKsZz9BrcOe+p/wCdXLWuaw9K8g9vrqblOpRNG1XW5Solnra9ZgTp
c2FX3dPPjyIt2uG3LxWQ5k9Ls2FTw66riSGIkJhtM/PjL+o9127k1eveTPLG9WYqOY3Flf8AQdOs
npzm0dE12DPnsVdNprsJtmsZ3NqNFrqtmRe/jwNgl/CVMZqnEuxqDoXonKcO+Xn+Ht+41PdTfo5u
vOjVZMnrceH6j46L12SaLW7D6+bq1q8kqwSSYjKMqPuSWazYnpXxM+QsNsPkrtheyNk8tpYj18m/
U/8AELxd0zouw7T0qr2zaee7bK5y9zPS5Me03S66NEoajYZeqV8dbjUJtFNAvqrO1Xz8rFLq0t9y
ltJSNmbRQvQh+od6/wBQ7Ly6s5t4PyNjqNp3/V4kzeur3NeuluOaxLiN7ytN0+Mpbvz3xttS49tt
0Z12t1lCsJ1mTPv3sWms1Q5MmTNkyJkyQ/Lly33ZMqVJdcfkyZL7inX5Eh91S3Xn3nVqcddcUpxx
xSlrVlWc5zMyFV8Xcp4+XtX/ACPTezZ9HNm91optnXGTN6TjPXoUxmmV44q2x5WrVs/9bNmZZ2yO
wdG22N1WlFHE7JzxvkvJ6lC2lJdkY87PVB8lvO68lw90vXNG49Hnfka5xPT58pnU4aGHcqgzdple
0eXvWxMpw2tVtdtpgxJX3u69Sa+zJeiqjhALhERqcInCfz+cm57TtK1Pp9r9DVdKwGM1rX8bH3Km
MxddteBrlRqSWJ3eM1u5OrUfavW5J7luXmazPLK5z1AAidoAM9/DT01/Kvzkn5f5BpLdXoEWZmHc
dc3p6VrvOq19teESYkW0TCm2GzWkbPtiTU6nV3c6CpbKrNuvjvIkZsScm/TScTpK2PL7Z3vo/Qr7
DbbrtRzuBr3M9bxIV8fnDesb2s6PdTYTWcqxmbHappUhKcOJhxlZyySOkY3wVfH3J4r+Xl95jf1V
7WnQbo5kJcJuG8VZNkgVGz61gK1nPZiq9URUiyLKEclLETK1zXpDmLuPldG9kjGOjcjinIC95L/T
2enxNdoVpqur1DNRiUqwYqekz3HNndlZj/W3fyrmBapRHrkR14g41eJqj7jsya7YvTW818at9p1/
0PvTHoGkJV44ZvZCcJwqbsHU+xT3Xfjj291xW9+jVac5z75V9Ve1jOc+2cfHCcJk9Mz3O/BP8zHi
99J52easMclbC9UMlK/v816uu4CF0KskcxvppLu2VYuJGtSVi132FSN7EkRknfjZr2gbEqV6Mnpl
zGssu+K2toRnGce8XeOsQXfbP+fZ+Fv0d7Gf+SsOYUn/AMOcHjm3egR6bWytuopucb/z9bmFYS9q
PWd0mOM5V7+ymk75P3ZjOU+/unDzLqP4x8kqx74y9Oz3O/BP8y0x/wBKH0BtStiu6x1UxjXLx6xN
gtYs12Jz/c/1TcJbPh58R1pPDnjleEWgwC4H1T9Mty6c1Jf4n5N77rD6UqXErOo6hr+8sSF/z8I7
93qj/PnYTec5xjMpFDYrRjH/AArmc++IjfIL0KPP/hrM62odEou86zCwt1Vpxa5cvbtMfGMqbwvR
byFr+6TZik49nIuu0uwobc/tTJdRlLip0kYvk5Pv8P1MgNE7Z3Zr6gzQ08R1OxGKyU6tYzHbbDd1
OZZXqiMgjtZ2vSxdqZ6qjWRUshZc96oxqK9UasNwOVvKG81i3sNf2WmtdevqiS5CtaS8rplTb1kx
r2w7EsK2ezHmwpLec4w4xJZadR74+SMHFE5k/HJHNHHLFIyWKVjZIpY3NfHJG9qOZJG9qq17HtVH
Nc1Va5qoqKqKindecdH3nkO9av0zmmz2umb5pltHu9Z2alfxHsaqxj/JOHG8qS4zIjyGXHoc+BLZ
kQLOvkSq6xiyoMqRHdslcv8A1F27VlFrew9K0dNxu9TJqqfo+k1uMMaP0zX1e0V/fee3S1ybjkvT
arGIrtxp9lG2rl26V7VhMqs6DsS04tKwAJXMa7+5OeP5/Py8TyLqn0G6VdZ0x7uoepUc3axcctel
kftVcnFQsOV1rG+v11ZZWjOrnPbH3/SUrTkyOMlo5OOG7Hs4PE3zN8fvNTnrfQuE7pHu2oqIre06
jZ4arN60WxlIWpFXt2t5fefr3FrZkNwrOK7OoLj8WS7R29lHZcdTlQat7gXkJ1/xi6XR9b4jutpp
G60a/iiZAcw5At65xxpyZQ7HUv4crr/X7H6W8Tqi0jyIjqm2ZCENy40aQzdU8SfXf8R+v8hi33kF
t9NwPrlG7Cqdv0+cxdT6O6lvpS23s2hz48Oe7J16e5hbkmssn83GrvYch2Ts+AmBf21s+JW+LeXJ
+afh5/NPwT26W+072B936UZD+oellLO9Q9ByNtsMVKjRlye3azPO/iGpk6WOgWTKY+RyoytmqVVi
Mf8A9PkqtSRa1m/OaCL31APU/wCT+GfBKPq2nP6p23Z9+u29e55ret7rTO1c5eYEqxn7JbWNY/YS
E67TsR2mZSq+O/JfsbCtgYVFRIemRa9//vKflcrXb6vc4tw9GxTnJ+KDYoydxbj0LEjCcQsSaSRf
SmrqTX5+xWH1Ta9iV7s4eh4w25+RK2N7k5RPD4rxz/P9uTxXpd2OevfV7XV2vUdUrMwf1nLio7Wd
zFDBy2LFWX0F+SCnelZcfWx8vMdmVYG96VksFVtmeGaNlx3o/QtS5PoW39L3u2Yo9P0bXbbaNis3
1JwmLVUsF+fMU2hSk5fkKZYWiNGRn7ZL6m2GsZWtOM0afPL1v/IzyknbFo/IJk/hXDZL8qDDrqKU
pjoW1U/uppD+3bLFd+cD89rGHnqOgWxEipczDfn2mG1SXY3+9eZ/lN5OuKx3PuO/b/W/lLmM65YX
LkLUYkhb8iQlyHqNSmBrkZbKpTrbDrVZh1mNhqK25iOww23jEV2RI3xdwq+z3J+PtNrvZg7Auq9H
55tp6nrr3UTdvS134aNtGxPrurth5e+alBk0Y3KZOaZWPZkbmNruothY2lDHI+WeT9LWtxa3HFqc
ccWpxxxxWVrWtecqWta1ZypS1KzlSlKznOc5znOc5LWv6f8A9OiNPzQefnR5cjOYE7cKHi2mO1im
o7zrbCtatOjzp77uPy22lv7FRUMBmH9Lcxh65VNU/HhstRdekv6dd75nd/16d03nG1yfGHXa+9uN
92tWbrVqe8fYr5kLX9a1zZ2GGsWVrJ2ZyA7Yw6mV9rFLBt1vyIriWsLv26RpOqc20/WtB0Whr9Y0
7T6aBr2ta/VM4Yr6inrI6IsKFGb91K+DTLacKccUt55zK3n3HHnFrVCZ/H2E818/kvs+a/oee/SF
9qaDWMHc6EaJkZP6m2CnGm85WjJRmqYvWL0d6rZ1ZZGSzWK+ZyyMidkIlhrvqYaVjEle7JcQdpAB
bGkIAAAAAAAAAAAAAAAAAAAAAAAAAAAAAAAAAAAAAAAAAAAAAAAAAAAAAAAAAAAAAAAAAAAAAHxz
q+FZsJjzo7cllEiLLQhzHv8AXJhSG5UV9tWM4Uh1iQ0262tOcZwpP+fbOcZ+wAma5zHNexzmPaqO
a5qq1zXJ4orXIqKioviiovKFST1EPSp612bz87t3vb2YmreL9tyXZOsXHUqOfSQGtfseccgTAha7
bQ7V1x3Fza7Xr9fNs5CoiYUqimWU5uwjSmVJaqpG1m2/VKDe9U2bSNqro9xrG4UFvrGw1UttDsay
pL2vkVlpBfbWlSFtSoUp5laVJVjKV598ZKH3qP8Ao59j8QNrd2zk9Xe9Z4Jslw1FoLeqgvWGz6dN
tJSWIGubdXQ21urSp95qJW30ZvMOfnKESkw5asNOXMUnP2V4RUREb8eP3/iG7TsIdrmls8cPSvqV
sGKwOTwus6hq3Tmo6FMdispj9Zp5CnY9LfsTysdtFyCTHRzRSS1oL8GPg+r6yWm2WzQtAzJ8ovGF
HjdoHjS7sj1nTdf6ZpfR9g6jzm7Slq00t/VuvbfoWty8soRltmDsMDXJiI6cyHXlTaSzcW2y2tlT
2GxWRefFPj+S8f7Gz7XdixW1Ypmawlj1vGS3ctRgtI1Wx2X4bL3sLanruXls9OW3j530rcauhuVH
Q24HvhmjcoAETnAD1jifEujeQnRKbmHL6PFzstumTLfelSmKuh1yirm/ybvbNtv5q2q3W9U1+Fhc
67vbN9mHCjown5OSXo8d69f6cvpI+NXiBqerdCsIuud07ra1ddeO9ftYUa21+kXPjNTI6ORVktMi
JR1TbLqfxNt+Dm13bLr0pdhXVk5qggSPejE8fFV8k/zX2J/PeYydo3tUdPuzjh68meZZ2HbMpG5+
E07EyxxXLLE7yJdyt6RksGExavY+NlueGxZtPZM3HY+96tb9XpZct8EPL7rMijlax4y+QdhqdtLg
Yd2+s4/t8qnbq5L7aZVjXWFlEpaK2cjRVLksxE3sREpSENKmRkO4fTZt8C/RK4DWXa9t73wHsmyQ
Klpp2ne8itu59qbF9bNrby1KhcF4zsPQsRaVPtK/Mb6Z2CY66rEJjGky470mWxZhBbulc7y+z8lX
k1EdYPpDurvU7E2cHgqFbpvjrMc0Mk+s5zOR5r0cr2OR31zUsYqb0rY2OruRIm05YZ5/SUnSrDLD
xVHRUmsU9br2t09Vr1BTQ2K6no6OviVNPU18VvDUWBW1kBmPCgw4zSUtsRYrDTDLacIbQlOMYOVA
KRgJJJJNI+WV75ZZXukkkkc58kkj3K573vcque97lVznOVXOcqqqqqgAAkAAAAAAMRfKrwW8YPMz
XXaTu3MKe+tmobkSj6BUtt0XSNXypK/pcotxgtJskx47ysSsUlpm01qY+23mzpJ7afrzS+9Rb0cO
6eEKrPouoOzez+OqHcuq3+qrMs7HobLzuER4nS9fiqfxXx0rWiKzuNYp7Wpr2Gfz8a3PsIVOu/2f
LOgwrOFMrbKHFsK6wiyIM+BOjtS4U6FLaWxKhzIr6HGJMWSw44zIjvNraeaWttxCkKUnM7JHM8vF
Pai/t7v54KZUdnvtddVOz/kalbG5KfZtE9M36x0PN25pcYsDn8zS4Gw9JptdyHdV7mTUWupTTK1+
Rx19sbGt1QILN/q/ei6jk8XZvKfxE111fMo+JN31XjNQw7If52z/AHv2G56HFbw46/oTP90i/wBb
bwt7Sm/ssqrDmnokxdSrIF21yOTlPvT3L7j6EujfWbRuuml0t20XIrZpyqlbJ4yyjIsvr+VbGx9j
E5iox8noLUSPa+OSN8lW5A6O3SnnrSskVnHv/B/MYxj/ABjGP9D+gmPVj9ZWtSUoypWUo+XwTlWc
pR8s+6vinOfZPyz/ACr2xj3z/OT8g7Rp+k7f0HY6PUdI1u62rZtltodFQ0lHXybCwtLewebYhwIj
EdtanJDzrqMYT/GEpV9i8pbxlWBRnnr1IJbNmaGtWgjkmnnnkZDBDFG1ZJZZZZHNjjjYxHPke9yN
a1Fc5URFU69FiyZ0qNChsOypkx9mLEix21OvyZMhxLTDDLSMZW4686tDbbaMZUtakpTjOc4wWXPT
29Afqm0brq/TfNaog6Zy2vZj3zfI4921M3bcpmHEOwKfa1U63omr0DiMYkXEdq1c2CQz8ar8erdf
kSomU/pneg7Yck3XSPITy8s6ez2rWHYOz6jxSjd/ca7XdpiuR5tRabzsTD34NxPoJCPvb1+lTLps
2bUd+Rc2cVhcJ+z8W8kv+Fi/Nyfsv7/gagO172/5IJ5unvZ92CjZrS0btTaeoFKvPJLDYnckDKOm
ZB00UDXwQJO6znoqtpivnrOwluKSu627ruo6hq+g6xQ6VpVBVatqWr1cSl17XaOEzXVNPVQGksRI
MCHHQhlhhltOMYSlPurPyWvKlqUrPYgC3NPM881maazZmlsWLEsk8888j5Zp5pXrJLNNLIrnySyP
c58kj3Oe97lc5VVVUAAFIAAAAAAAAAAAAAAAAAAAAAAAAAAAAAAAAAAAAAAAAAAAAAAAAAAAAAAA
AAAAAAAAAAAAAAAGInnX3nc/G3xg6J1HmNNA2jq0R3VNb5Zp8+otNhRuG+7jt1HrNHrzGv0c6tur
p6VmzkSFQaudHl4ixJMrDqGozqsRROVRE81VE/E5rW8BkNq2HB6ziWwuyew5fHYXHpYlSCulzJ24
qdd1mdyK2vWZLM19idyKyCFr5X/ZYpl2eDeUHbtO8b/H3rXcd9ZjTNa5xptnfP1UpTSUbBaYSiHr
msMqfQ4ziZtGxy6rX4OXUKbTNsmFLxhGFZx6boX9Y/0Lpf8A2iKqFdA/pPXP66Vr7LsehVuP7PD/
AKnVSMPSJjzFRm7/ADs1rLsuU63DyyhyQ+pOXVVgv1JXlYmFScl8OtYssflXTzfY+qNRnv7m6mA5
OpedUEv68qwtuwtE7Fsc2C/9brK6PVrBKFtymV4ixvecjfj4/JPPx+R632eukVjrD1t0/p0x/p8b
YzTrOx36Ej1hi1jCOddzduvaajFiS1TrvqY2y5Gd67dpNRqPka1at3Y+xdD710baepdQ2Sx2bbds
ube4myZsqS/Fr8W9vYXblPRRJDzzdNr8GbZzMVVJB+qvrmXctRmUJyr38xAL4+pChQpYulVxuNqV
6GPo14qtOlUhZXrVa0DEjhgghia2OKKNjUaxjGo1qIiIgJdPT99HjyK84U1+92PvxjgLr2FZ6ftF
U/JsdsYady3JZ5tquXoMjZfgtKmXL+bLqtWYdRJbYtbKxgv1OZGvST9EjG9RdZ8m/M3WnmdOkph3
vMeEXDLkeRtjCvjJr9r6fDcwh+NrDyfrlU2lO4bk7G0pqZsiWdfUmn2C3jChQ62HErq6JFr6+vix
4UCBCjtRYcKHFaQxFiRIrCG2I0WMw2hmPHZQhplpCG20JQnGMUJJeOWt8/avsT5e/wDT5mrntY/S
C19Iu5Lp10Onx+W2io+Wnnt7ljhyOG1+1Gqxy0NfrSJJTzOXrvRzbV602fD0JGLWbXydh03qEUnC
PRR9P3hkGsUnldn0/aYLlbImbf0/bthuZNw/Vz4dtHbsNWqJ1FoD1bi0gRZa6pzU3IkpLDLFliwa
bxjMsmMYxjGMYxjGMe2MY/jGMY/xjGP9MYALdVVfFVVfmacdz6h731FyDcpve37Ht16N87682fy9
3JpT9aWJZ46ENqaSDHwSegga6vSirwIyCFjY0ZFG1oAEDpwAAAAAAAAAAAAAAB+VoQ4hbbiEuNuJ
UhxtacLQtC8ZSpC0qxlKkqTnOFJzjOM4znGcZxkpH+tv6WrHjNtMnyi4Lr6o/A99vPr3jVKqLn8H
j+728j3ZXCYYT8YHP9umOqRTN4QmDrN+vOuNriwLPV4CbuR0zonPtO6xom3c06DRQtm0netfs9Y2
einoyqNZU9tFciS2MqRlLrD2EOfbEmR1tS4MttiZDeZlMMuonY9WO59nkqe9DILs3doDZOzx1Eo7
Xin2LmvXnwUNz1tsvdr57BrKqyI1j3JFHlsd35LeGur3XV7SPgketG5egn1VQM1PP/w42rwb8ltz
4neLmWespUjZ+YbZKaS3/V/ObmRJxQ2jmW0Ns/ute5Gma9sTTLbbLWw09n+KhUBcN57CsvEVFRFT
yVOT6cdX2XCblruE2vW78WTwOxYynl8TfhVe5ZpXoWTwPVrkR8UqNf3J4JWsmrzNkgmYyWN7Gib/
ANDLzgx4yeTsHj282DLXHfIiyqtXmPT1oxE0/puVKhaLtbDj2MtwY9tLk40/YnUKisriWlVb2UjM
fWGGyEA/Tbi2lodaWttxtaXG3G1ZQttaM4UhaFpzhSVpVjCkqTnGU5xjOM4zgORHIqL5Kn8X7jr3
VHp1gerGgbT092SJH4vZsVPRdOjGvmx9xOJsblqiOVE9cxWQirZCr3l7jpq7GSo6Jz2O2wwI/PS+
8qHPMDwt5J1O3npnb7VV73Ouor+eFyFb/pCWKyyspvxzlLcraqpdLuqmUeyWWtlaaThOEfHEgZYq
ioqovmi8Hyo7jquX0ba9k03PwpXzWr5vJYHJxt7yx+t4y3LUmkhc5GrJXmdF6atMid2avJHKzlj2
qoAEDrYAAAAAAAAAAAAAAAAAAAAAAAAAAAAAAAAAAAAAAAAAAAAAAAAAAAAAAAAAAAAAAAAAAAAA
AAAPjk11fNfr5UyDDlyamU5NqpEmMy+9WzXoUqtdmQHXUKXDlOV06dAXIjqbeVCmy4uV5Ykvtr+w
/KHEOJ+ba0OJ91J+SFYUn5IVlC0/JOc490LSpCse/ulScpz7ZxnAJmuezlzHOavDmK5qqn2ZGuY5
qqnHg9iua5vk5quaqKiqhEd6uXqR2vp88t0B7nFVp+z9o6fs0uJrev7rHtZ9DA07XoeHtr2eyg0V
3QWbq2J1hr9RUM4s4jMiXZSZWcymamXDdoddp7L0byD6huXY+s7HJ2vf97tl29/cSUtspW5hpqLC
gQIbCURq6oqa+PEqqeriNtxK2shxYUZtDLCMYzm9XXyrX5Y+b3UdlqrHM7nvNZSuP8z+p37Yb2t6
ROnRrK9iKTn6nmdr22RsOyRJP1oeVU2NXEe+X4TecRkl5GxGtRePtKnKr8/Z/PafSP2L+z1gujHS
nWcxdwVSHqZtuDhye2ZqWBFy1evl5GZSnrKTSd59Wriqy0IL1SFzYrGVqS2pfSK2D0QtPeil6Q8f
am9X8yfKTV0v6384t9wnlN/DSpnYsoyl+u6fudZKRnDtAleG5Wj0Utv671SWtnntLo8UyLrDr0Vf
TKR5fdIc7r2WkW9448nu2G0VE5pWIvWugw8R58fUsoXj4yNSoG3Ylnuq85y3YYkVmsNofbs7h6qv
VsssxmWo8dppiOw02ywwy2lplllpOENNNNIwlDbTaEpQ22hKUoSnCU4xjGMEksnH2Wr4/wCJfd8E
/f8A34xk7ffbAsaumQ6F9MMo6DYLNf0HUHZqEytmwlO1Ejv6WxViJUdFlrteRr8zcicj8bTlZQgf
6/Ytrjf9AAWxpRAAAAAAAAAAOt7fuWpc/wBbttx3vZ9f0zU6GKqbd7NtNxX0NDUw0ZwlUmxtrSRF
gw2fkpKMLffQlS1JQnOVqSnMIHkN+oT8KeSTJ1FyuBvXkTfw1uM/m6hBa1TQPyGc/F1lW37WmPZS
0fZ/azOoNSvquShK3o89xrLSnpmtc7+1FX9Px8j0jp50g6n9WLklLp1o+wbXJA9sdqzjaTkxlGR6
I5jMhmLK18Tj3Pa5HMbdu11e3xbyiKqTxgp37P8AqbOxypby9L8WuZ0MDKlfRH2ffNp2yWhHvn44
el1VVpbLqsJ9sKyiEzjOffOMYx/B/NU/U2dkiTGl7x4ucyv6/C0/cxqm87VqExSPl/d9Uq3rd3YS
v4/7vzhrx8se+fbGfbE/oX+5PxQyR/8AR59qn1RbP9CYr0yM73qH9a6h62q8c+jR/wBc+o9/2eN1
Gc/4+PEuIggy8cP1APhH2mdX690le3eOWzzlNMIe6HFjW2gOTHspSlhnfdbXKRXsIzlWXbPbqLU6
tlCfk7MTlWEk21BsNBtdLW7Jq15T7Lrt1Ean099QWcK5pbaC9j3Zm1tpXPyYM+I9j+WpMV91lzH8
oXnBTVrm+aKnzQxp6g9JupXSm/HjeomlZ/U7EznNqyZSi9tC8rP7/q7KwrNi8k1n+N1C5Yaz/EqH
LgAgeeAAAEJfrq+GrHkr4i2nUtZqsSereNLVr0Gldjs/Kdcc8zHZX0zWlKQnK3W2KeDH3KE3hLr2
Z2q4gQ8N5t5WXKFZtgJkSLYRJUCdGYmwZsd+JMhymm5EWXFktKZkRpLDqVNPMPsrW0804lTbja1I
WnKVZxnWY+dXj2vxY8uO8cKbZeZptK3ywVqH35Ut1zQ9jZj7Vojjrqs5++RnUbumRMdSpSczUSU+
+FIUlNzA7lFb7vFPkvn+f6m636L3rBYy2vbf0Wy1p00urL/V+pNkernx4LJ221dgoRIqokdahm7F
G/E1Ecrp9guK5WtZG08d4hC0Wy7RyGu6g0p7mk/qGgQuiMomyK1buiytrqWNtaTYxHo8uApygcsE
pmxX2JEXOcPsvNuNpWm7n5SeiV4lWvin2zQfGTkFfz/q1sqB0XRLlWy7ds1hI3fRa+4/Y9SbtN12
HYJdXre0Qri+16ZAiyWK5ubexL2VHlSKGqTFoeFvb0DvP7yD8g+ydk4d3fodr0lhjk+t79pVjsT7
H5+vI52/p/MrCqrW40aOy8zf1N3r9rduue8udf1Fjss1Uy62PYbKXNKjuEc1eO74qnPgvinHh5L7
eeT2rt0YPrDisDr3WfphvmQwON6TMXObVqTMzl6mO2X0Gx61Zw9ifD1XsxOXjxzo8hPk4cu5O/Ri
ZBUbK+V7CQb0NNb12J4Ecu22rpsa5s92jatU6PVNQsVzU3a+cdN6Fr0DYbCHhthedqmao7Q01/YS
21zpULX9ernltopG8OTGGKvAqNjlfR+98UiR0Q9cztyO/c8jtIS1Fja53SwvbLd6WNhKUodkVnat
f6VsMlmOlLdVSbzqkNTbaFxnJGVRbOXlyr7/AB8V5Xx8fM0b9Z9gXbuqW7bejZWVtvzdjbMdBPYW
1LTxOyNZmsTjnzqxnefi8ddrY10aIra7qi1mve2FHKABKeYAAAAAAAAAAAAAAAAAAAAAAAAAAAAA
AAAAAAAAAAAAAAAAAAAAAAAAAAAAAAAAAAAAAAAAAAAHg3lNs++6X409/wBu5ZFcmdK1rjfSLvQm
WWkPu/1dW6jbSqB5qO5jLclyLZtxpSIy8fGSpnDCvbDmcmH3nP2BfgV6aW0TK+9eVumo8g1LhvPL
Zcp5y0n7/cUMDQ6vYI8mSvL8qypmU2W9PuSXFPSG6KW69l15WUuSbuNtvNuNOtodadQpt1pxKVtu
NrTlK23EKxlK0LTnKVJVjKVJznGcZxnOCoz+pc8hFT9q4D4uVE73i6/VWfa93iNOfNpy2vHZ2n6E
2+lOfizMq6yv3eUplz3dVE2SE/hLbbjanp407zmp7EXlfkn+35mUnZT0lOrnVvpr00nxteTCQbjZ
3rbbSxo99/Ba9jqlpuLvuVqqlJXUbmMrI3/3jaJ+9xy1zasH+f8AIBmN4E+J995peUnNOF1aZceh
trL9+6NeRE/3a1zXXnGZm22+HcpW2xMfiKaoqNbycsO7Jc0sV3OESM5xeqqInK+CIfSjsux4fUNe
ze1bBcjx+D13FXszlrsv9lahjq0lqzJ3f7nvSKJyRxM5kmkVkUbXPe1q3NvQroux1Pp984m9VsIu
KS8tL6fx3WImra5rOdd5amc41Xy7FVHU1ku9tNv2LGx7Yu+vXLCytaq0qLByY+7LfkPzGHC61rlF
p2uUGo6vVxKTWtWparXNepYDf1QaijpILFZU1kNr3z9USBAix4sdv3z8GWkJ98+3uc0WDl7zlX3q
qnyidT9zTqJ1E3bemYypho9s2bL52LF0oIK8FGDIXZZ4IHMrsZFJZbC5i3bSN9JeuLYuTK6aeRyg
AQOigAAAAAAwb88vPfjngNyfO/8AR3l3u23/AObA5nzCplssbHv17EaaU8hp1xD6KbW6nMmK9suz
yo78apjSI7EaLZ3U+pprHJPs/aeX+PfN9l612LcKrR9B1SJ+Vb3tq4v45W4rDcSurobCHZ1vc2cj
KIdVTVkeVZWUxxuNDjPOrwkoI71ceSPrO+eVjjTq+VJn7ZPkQtPq7R95Oq8W4pQzVphSr+Wwl9iu
raeHMxY7DLitKkbJudxIZqYcm2va6tcqMZ3uVVeGp5r+yfv7vvMweyX2csf1jzea3LqJck13or06
quy26Z+eV+Oq5KSuxbLderZV/cZXRa7HXM3arPdZx+O9FFGta5lMdYb535E+W3mZ6nXYaqjulbVv
c61uHEc14LzSutpGp63lzDmEpo9VgqlOz58eIpxVruGwOT7f8NLy51tGqIzUaJLj4mfpwOj7dFrd
q8wOlo5bXSEtSF8u5kuq2XfcNLxjKo95ustFhpeuTW84V7s01dvjDqFpyqbEeStnFiPwU9PXg3gV
z1rW+a07V50C3gsN9C6/dwY39Z7rNTlDz0dLyfuzr+qR5SMKqNSrH/wIaGmZNg9b3apt1NzvJnSr
/axO6ieCL7fu9ifr7fA9t6udv7I42p/w57MGCxfTHp3hWPx2OzsGHptzuSgjVWPtYzHWIZKGBq2+
Xy+ls1buwWXOZfsXcddkmrMjE5P6OHpzcjixkV/jfrG82TKcYkXfWJ1x0mVYOYT8ftk1OzTpeqMK
zjH8tVmu18bKv7/o+ecqzlI14W+HLEbEJjxN8aGYeE4TiI1wjlrcbCU4+KU4YTquGvbCf7cY+Ptj
H8Y/gyXBS7zl83L+KmCWa6s9Utjtvv57qPvWYuSOV6z5HbM7be1VXniP015yRMb5MjiRkcbURrGt
aiIkdnTPSa9Ozq0SRGvvFPmOvOvpzhudzSvmcpmRXf5yh9jPOZusxVLbVn5YalRZMV32wiRHea92
84naV6a/kX4GXkncfTv7/Z7Xz96Wqx2rxE8krHE3RdtbW59thjTegUUCJjRtpdYTiPTWrmrJcflI
hf1ZslrUx34MicQEUe5EVOeUXzRfFF+5f1TxOyYfr/1ZxmNsYDIbfktw1O81I8jpu+Ty7jq92FP8
CY3OSW1xk6eDoclg58Xl6crWWKOQq2Y45meH8M7jV9p1+Y7J1fZuadF1dyJX9K5DvcZmFu3PruU2
8phqamM49XX+tXGIsuTqG9a5KsNU3CujvSqexcfiWUKB7gcJJ1yll3lbszsBjGwVMWZXwrhrGWZ6
auwy2ubUPyGsocl1El9iLNdrJWXoP7jCgWSWEz4EOSzzZKvw8Dy3MT4uzels4elNjKdjiVMZLYdc
bj5Xc+lq1rkn/UWqTHfaqPtotyKB7K1qa7NA/IWwABxgKV/6lDlkfWvKfjPV4cdMdrqXHnaOyWlH
tibf822SYzJmuL9v7n/6f23V69SffOEMV8f+MZVnKrqBWn/UucoTfePvj52f90jxlc06fseh/tK4
a3JNojrGvwrb8lidh5KIzdWrleMPR1sO5l/uDa0OsfiqS/UiXh6fHlPy/wA0QzI7A20prHai6fNl
sLXp7JHsGrXFRJHJMuUwV+XGV3Nja9VSXPU8S3lyJHGvEsjmMjc9tM8nA9D6g3XR/J/mnkdTyIVh
zdrpzPjP1qtiOSM3msq7pp101yfYLRjDGYyNY2PpFJAoWJ+X/dm/rYla60l64rnMwfky/oc+UEXg
XmVT6DtFZLvOeeRMar55eV0WmlbAqs3Opt2dk5juWKeHFmSJC9d2OI9DcnIYUmgrr+x2NSm81CXW
7p/9juE58F8P1+/jy+JvS7TdPNX+gnVOtgsdFmLUmoZdtzESInfyWEfWfHsEFN/CviysOFffu4SS
NHOTMVaDXRzROkhkvG73WftnSeR9DYxlH4svZuYbDIX/AMKxrPRYcCzgPPYTj5KmudH0fn1HWOKw
pLCdismsfBMx1Z7IcXcVbFxBzCf9v7JddYxl5x8sM2FPYxLerkZR/heI1lBiyMt59sOYbyhWfZWT
lCx/n8/P8j5drdz1qni4n8+lx0Fii3j+1arrk+QhcvPK+k9Yv3GO4XupFHAiNRUcrgABxwAAAAAA
AAAAAAAAAAAAAAAAAAAAAAAAAAAAAAAAAAAAAAAAAAAAAAAAAAAAAAAAAAAAAAAAAANbD6mHbpvk
H51+SvRJOZSYDfSbjSNbjS23o7kXVubZb0GgxmE+lDkB2bA11u1mw1IQ41ZWE1T+MyFvKVsnjWp+
pRUxaXz+8woUNpDDC/IPpll9aMYSnD91ss25lKwlOMYx9kqe85nGMfxleSvBx3l9/d/LlOf2NpP0
V0GNf1S6lTzVPSZaHQqrKF1XJxWoTbBR+tK6MVqqrrc8WKekiPb3G1HsVHJLy3CMuyfp2PFWDzXx
n2TycvK5H9aeQN5Nqtclvs4xIruW6Jay6aOxGU5j7o39RbnEv7GwwjCGbGDUatJ9nExmXCk2bLv0
6dZTqHgb4fUuGcR3P/Z15PcSWcJwjLc3ZtOqtlnpWnGMY+3E23kfdn+cqd+as5VnOc5nmXhqJ718
fu8f14Mp/pN93yWu9D8Fq2NsOrs3vcatLMKxytdZwuDp2MxJT8OF7kuWjw00q88KyusLmubM7jM0
AFqaDwAAAAAAAeE+Tvc9f8aPH3rvd9mcjYreZaPd7HHiyncMouL1qNmNq+uNuZUj2lbNssmp1+Fj
5o+UuyYT804zlWCJyvCea+CHIYjFZDO5XGYTE1pLuUzOQpYrG04U70tu/kLMdSnWib7ZJ7E0cTE9
rnIhTd9fLzNue8eUr/jfqls+9yvxzl/sUmtgvKXD2TsUuMnG328plnOPypOqJkp0OtjyWnHaufX7
U5CXhu+kJXY59IfwHrPCTxpqJWz07LXfOwQancOuWT7Kf3Ckw9HXK1vmzTmU/NiJpcGatq2ZQtxE
vbZl/MS+9C/bG4tUb0iOIz/MT1HdKvOg/Zs1fp9xsnkn06VOTh3N1Ya9bxrOscnpUnLElu46ff6t
+6xXk5amVz9iyptaFKSbBgryr3UbGnkiIq/H+L4/ehsx7b+y1ujfTvpX2R9InZVxeF1nG7J1CsUu
Ylz+VlnlWmy6re65y3sxXym0ZCtKjmvmsYKRjY2U42AAFA1fAAAAAAAA6duvQdJ5xAp7Pe9op9Vg
bBtmraLRybmY3ERbbhu11E17VdegYXn5ybO6t50eLFjtJVlKcuyn8tQ40mQyK9atZu2IqtOvPbtW
HtigrVopJ7E0jvBscUMTXySPcvg1jGucvsQ7iAAUAQI/qNI2X/ATXHcY/iH5Gc7kq/8ALCtP6XE9
/wD8pScf9Se4gm/UR5Rj0+GcL/3s935rhr/1/te5Zz//ADw5/j//AD3Jmf3t/wDqT9TIbsmvWPtJ
9FnNTlV37Bs+6SdY3L9zXKpRQJNvRt2Ws1T1L/FS0tnI7UWVtm3a00qTlOG82e58x3jT6RtOVZxj
8h65vYDUTGP7lSlspRjK8pxmMk7PpNftVtueo1Wi/uf9b2ez0Ffp37JJehXP9VTLWJG179omRnGZ
ESz/AHdyH+BJYeaeYlfU6042tCVYvVTlFRfDlFTn3cofS11D1uDcdA3nULV5mMrbVp+za3ZyUiI6
PHwZzC3cZNeejpIkVlSO06w5FljRWxqiyMT7SbWEHjXjxyt3iHDOU8ml3c7Z7TRNIoaO/wBos5sy
xsdo2hqG29tWzTp09bkyTK2LY37S5fckLU59k5WM+3tjGPZSwPktydenUyWQq4+99Z0K163Xo5L1
d1T6wpw2JI6171R8kz6vrcLWT+rulldD6T0bpHq1XKAALEAAAAAAAAAAAAAAAAAAAAAAAAAAAAAA
AAAAAAAAAAAAAAAAAAAAAAAAAAAAAAAAAAAAAAAAAAGta9TCTiV6gXmE7jPvhHf+jRvf/wA4d/Kh
5x/0yxnH/Q2UprOfUKfVI88fMtxX+U+UHc2Mf+mL0nY4yP8A9WcFeD+53y/dDab9FZFz1N6nzf8A
y9Eoxf8A5tgqP/8A4GH2MZznGMYznOc4xjGMe+c5z/GMYxj+c5zn/GDak8p1TGicu5to6W8NJ03Q
dP1TDScYwlvGu69XVGG8Yx/GMIxD+OMY/j2wawvg+r43juPGdKy3h3G4dW53q+Ws4+WHMbBt9PU5
byn2z8sLxL+Oce2ff39vY2mRGf8Aw/8A3fsd4+ley6rL0SwLHeDWb3l7LOfNXu1WlSdx/wCX0d9O
V8+94ccLyABbmnoAAAAAAFaz9S9vFlU+Ofj5oESwlxYW6ddu761hx5LzLFnH0nVHGYzE5ltaW5ce
NO2yPMbZkJcabmMRZKUYeYaWiymVUv1PeXv2HwvSn5fj5t++Zd/z8fuTD4/hj3/0+XwVI+Pv/Pt8
vb/Uni/7jfn+ymWPYaoV8j2q+kVeyxj448nsN9rXojkSxi9M2PJ1Xoi8p347VSGSNfNr2tcnCoin
B/pjdAjKe8tupSGUqmMtcq0CnkfDHyajSV7nsWyM4cz7q+Mh2JqrmUJ+OMZjYUv55y38LZJUu/TS
dv1eFYd18cFQ56ty2SNI7U3Y4baTVMa5p69H0hVe6+t9LztlOsd1zKisMR3G2olZOdkvNZcjIeto
kZv+477v0Q5Xt8My6dqfqRPloJoI7TdZfiEl4RsuIravh8fBPA3lVbDLZpW3eKNV8vpZERUejnAA
UzDkAAAAAAGInmP4vNeU2ncmpGrhqju+SeR3EO8UM6W9PRBUrnO5RXtmhyGIGFqlSrDQ7LbYVG28
3+OnYX6pyRIhRkvzGMuwRReFRU9hzWu7BltVzeN2LB2nUstibLbVOwjWvRkiNcx7JI3o5ksM0T5I
Z4norJYZJI3J3XKAAQOFBXg/UmbOmB4acp1JnK8zdj8haK4ebQlSsYotY0PfWJ77uE4z8GW7rY9a
Z+1fs3h+Sw17/Y81jNh8r6/qLrTWqHw2116fll/btx6ZrfP9YbV8PyIFCtUnoe6So+MZwtcadN57
pEae4vC/x3otW2x9WJsr7p4/72/MyT7Hvc/8TXRpX1ZbiJuNXuwQ/wDcR61rSMtKqoqJFQcqZCxz
xzWqzI1e+rUWkCTH+jN4v2vVfLXx37FKjsz9D0Dv+KW/Zy1lx6s2ql4x0/s+gWa/bKsYhu3PMH4+
X1obRGsGq5vDi3JjaEw4F/X0ROea/rfgDwhb+pUtVtl7R2vQbm7iVMKFdXirXs3bUahZ2tkwyiZZ
SWNPTHrIcuW4481QS8VLTmK/2Yxcyu7rV96+Hy59v3frwbuu3L1au9Jeg2asYyFZclu9mfp/BK2R
jH42DYsDnG3MujXIr5HUYKytgSJ0bm3bFRznpEj2umTBwuuXsLaNeo9mrft/bdhqK68rsvo+t/Nf
bQ2Z8JTzeMq+p1cZ9pTjXyV9a8qR8lfH5Z5osz5tpYpIJZIZWOjlhkfFLG9OHMkjcrHscnsc1yK1
U9ioqAAApgAAAAAAAAAAAAAAAAAAAAAAAAAAAAAAAAAAAAAAAAAAAAAAAAAAAAAAAAAAAAAAAAAA
AAAAAA1n3qIRMwvPPzKZVn3yvyb7ZL/z7/xP6Hfz0498f8kycY9v9Pb2z/ODZgms69Qpxx3zx8y1
O+/yx5P9zbx7598/Wz0nY2Wf+n1No9sf6Y9sf6FeDzd8v3NqP0Vfe/4kdUuFTuf0RjO832q76+h7
ip8ETvovxch9Pp1Uyb/z18Oa9acLQjyR49aLRnHulaKLeKa8WlWP5wpKk12cKTnHspOc4V/Gcmy8
Nbf6Wy2keod4hKdzjCM9q1dGM5/+q4t9tnH/AN8vKbxj/lnPubJAT+bfkv6lv9KlPI7ql0zrLz6K
LQLU7PPj0ljYshHLx7Oe7Wi59vHHPsAAKBq2AAAAAABWo/UxaVIsfHPx16E2ypxjU+z3OpyXUpyr
6Mb1pU+0aUvOMZyhpbmg/XlavZH2qZbzn5uN4zZXI3vVs4DL8jfATvum00JU/a9X15jqmnsNN5el
O3XNJjW0y4MBlOMqesLzWoV/rsJpH97ki4QlHurOMZmYvD2r8U/PwPe+y7uNXQu0J0l2e/M2tQq7
hQx+QsyORsdXH7AybXb1uVyqndhq1MrNYmXxVIo3qiKvCLUq9BnpUbnvqO8yrJr6YsPqOn9F5q4+
vOEt4kzNdd26oYXnOff5TrzTqyvj4TjOVS5cdPthKlKxf2NV5yHpmw8Y6rzfruprwjZeZbzq290m
FrUhl6x1W6hXUaLJyj3yqHMch4izWspUh6K88y4hba1IVtAOSdP1TtXL+f8AXNGm4n6j0jUKDc9f
k+6Mu4rb+uj2LMaWhCl4YsIX3qhWURWfthz48mI8lDzK04qzp9pHe9OPvT/RfyM1fpStAt4/qHoX
UqCB64vZdYk1a7MxqrHFmtcvWr0Xp3+TJL2LzMTKzFVPSMxNlzE/5UinoYAKBqvAAAAAAPGugb5Z
Rtz0rluoqbTsuzIl7XtNy6ltyJonLdZkxEX+wS8O4zHxcbLZS4Gl6dDkrQpybZXW1tRrWr0LYK9z
neW7Q7vmtK35GFpo9wnybbSkOYzhTuiow3B1a4TnOELzH3CBF/rmE0+xHmQYO0Raya1iVBdznyvy
A8VdG8iPwE7NsvQdYjOT9Lb3et0XbJuuVfV9K0u9t7yLzHpMSNjOb7RLFex7NFsKth6vefZvpyXZ
Trf1spyZaabYbbZZbQyyyhDTTTSEtttNtpwhttttGMJQhCcYShCcYSlOMYxjGMYwR8P5/PP5ceHz
Xjt2Sn1lmtYaHFrNLnJlmTMpPS9D6okUnpVe226adtxcjJJBBBFAyvHjaeEjm5ktbBk4a37ABA6i
CkL+ol8mMdS8r9X4DRz8P6x456phq4bZd+bDvSuiR6zYL/5Kbz9T+KrV42mVqEr+btfZ/v8AFzlp
xyQ2TIeut5/9g8Oub8i0Dgl6vTehdqsNyk2e9NVsCxn67pemxKWJPhUX7tFlwoV5fWe11+WLhph6
dUQ6iaqHmHOmwZ8ej7s2zbHumw3W27hf3O07TsdlLudg2TYrOZc3t5bT3lSJ1nbWti9InWE+W+tb
0mXLfdfecUpbi1KznJcQsXnvr5eKJ7+fLn9Tb/8ARwdmjJx5DGdo/ZJcd9US43YsboWLYssmTXIO
uTa9k9gtosLa9atHWgzeKpQtllsWXWZbT214Yq62u5cW5Lt3eOtc641ocP8AN27pe3UmoUbakrUw
xJuJrUZyxnKbxlTNXUxlP2lrKzjCIdbDlyncpbZWrGy71jm1P4+8JgaFz3OWE6Dy3WOaaG66yhUp
1eq62zq+kQnGk+zcmdY7DIzJWpfuuXaXUjL7ysLwpNYj9N54kxb/AGzpvmVtdcl+PorkjkvJ8yGs
KS1tVxVRbDoOxR8qwlbUqq1a0p9bgyG8uMvx9t2OOvCXoiMptmbAx+52OuU+cZVH/csbDYJznCUO
RdaWxKgIw5j3dS+3s0jXpzbaPgh+PBmNvOZa+UeRCZ3Lkb7G+ft5VePZ8P8AM86+ka60R7f1cwvS
3GTNl1/pfC6zsDUVHQ5DZsnFTyeQrOTxjnbisTVo0oUdwseRtZarL3Uarjl6Wog6/TVNDVtZYrKS
sgVFcxlWV5Zg1sVqFEayvP8AKstx2W0ZVn+Ve3vn+cnJgFA1kSSPlkfLI90kkj3SSPeque971Vz3
ucvKuc5yqrlXxVVVVAABIAAAAAAAAAAAAAAAAAAAAAAAAAAAAAAAAAAAAAAAAAAAAAAAAAAAAAAA
AAAAAAAAAAAAAAAAADWrepZVOU3qAeYcR3GcKe8g+l2uMZx7f7O92Obds59v+WWrFGcZ/wDFjPy/
1NlSa8v1sNQzp/qYeSbKGstw9gnc/wBvhLzjOMP42Pl2lz7F1Pvj2zjF4q1Y98ZzjKmVZznCvdOK
0H9yp/5f0VP8zZ19FlkmQ9Zd+xLnI1+Q6az3Y0Xw764zZ9eic1q+1yNyau7qeKta53k1TDvw63+J
yryz8Z+j2MhEWq0rvHKNiun3F4bbboq3eKR+8y45nOMNozUJmpW4r3ShKsqVjOMZxnZ8Gp3Nj96V
3kDufk34JcH6r0CJhrbHqS10y3tMSFSM7TI5zf2eiZ257K0IU1O2LOv5sLZjGMtN27k/8bKYuWUI
mnT+13u5Rf2/c9f+lS0CzPi+mHVCusXquOuZPRss18jGzelykTs5gnQRqqOljRMZn22VairGrqy8
d17lSQoAFuaZgAAAAAAde2uVbwdcuJ1FXYubWBCcnxaX/Z4cvPwsplP0Udx9aGGJd1GZeq4UqRnM
eJLlsyn23WWVtr7CRrsdj6jwv1Ctl5Z2O2xN4B5e1OvXXjDsSkuorNH6/wA70im1/fuN2cl9xxuH
Yb5WU2d+1xLjkWDZWKZNfTMS7qwuER4onPPwTnj38ef5ePyRTtuo6xc2ebN/Vz6Ut3Xdfu7VHh7T
pUsZ+rhbNGXL4/GsiRFmtUsHJk9htRLJE5cPg8o+F7rLIYpKYHqgeJVf4v8AkXNt+dobn+O3d4j3
W+A7FXtOJp3NUv30zLPTWVLbRmNP0G0m5pV1knP7nHondcnWbTEmzyyiaX9PN59wWYk7wT6fdtxn
/wAq323x7sLCQlDUn8tci33bmbK3FpwmT+Tmbu2tR0oUqWqTuEdb6HGaeG/MD5C+HHjx55+OvYuE
Vlk1SW+t9a3q912S5XJa2Hgfc58l2+2FmXUOqTN/Ydyvby13G0g5e/bNv1Tf0Xupzs1cnUbuNQ16
1ybt/ht3ex0PeYN1zfr3KtkgWlZZ1kqRFeZm1stuy1rc9PvI+GFTKuYpiNb6/eQlI+xGG1ZwxKZf
js3KKkrFavg5PLnz+Dvv9vHv9nKG7DpxtGndtroLsHQrdb8+M6n6hSqOqWs1C1meWTGxNbqm/srO
9GtyWStYixe4x03dySW7kFglrUc5iZ3bQsEL/pQeq7p3m/pldzDp9jVat5TanUpTd0q8x66u6tW1
zGMP7vpLHu2xmxyyjMrbNUiJw9UP/kWlXHVry8pq5oC2citVUVOFQ0udSOm+4dJ9wy2j7xiZsRns
RMrJI3o51W9Vc53quUxdrutjvYu9G30tS3F9l7e9HI2OeOaGMYt+TPKvJTo1XUyPGzynl+OWzVKJ
WJcWw5HzbrGnbZh3KFx27iLtlR/UtLKYyhTLVjQ7E3FbZdUuRRT3m0KzlICCLx4/qiL+S+B1zBZq
3r2VqZijXxFqzTe58dfO4LC7Lipe+x0bm28LsNDJ4i6xWPd3W2qU3on92aJY5o45Gw1cg8fPWGs+
uxI3kp5v81jcFq/jYWKOF880aHvu9/CRj6NZXN2DjlVI0SPJQlTlxe01rZWDEX4waZf5kxVtUTJN
ow2hDacryltCUJy44t1zOE4wnGVuuqW64vOMf3OOLUtefdS1KVnOc/sEVXn2InyRE/Tz+/k7DvO+
398u0rdzA6VrkdColWHH6Pp2B07HSOVUdNduVcHTq+vX7Dkaslm2+Z0bGtgqtr1mNhQACB0cHEbB
sFFqdFcbPtFzV67revVs25vr67nRqunpqmujuS7Czs7Ga6zEgwIUVp2RKlSXW2WGW1uOLSlOc46B
1vuPJeE862XrHWN817TNA1JMhN1sNnNQphubHccY/ZoUaN98212GRLaXAg6/WRpdzOsMfgxIT0rP
1FF/1QfVx6R50Xk7nHP83HOPGGnscLq9PU/iNsPR5EF/DkHZelOQn3WHEIdbbm02mxpEmmpH8MS5
b9zcxYtnFnYxXr4eCe1fZ/qvwMnOzd2W997ReyJWxUMuC0vGWWR7Put2rI6hj2p3JJMdjY3LEmWz
0sLmuhx8MjWV2yRWMjPUryRPl+r1o/UL0fzq7XpFNyONMe5HwiDt1Hq+12LC4crer3bp1IvaNng1
zzTUyu1x9nVaCHr8eySizkMRJFpNi1zljitieq/p/wDw41ryH8lto7Vv8CHc6X4zQ9bvazX57LUi
JcdO25+5RpEqZGewpEiBqzGt32x4R8fdGwRNZcc+cdL7D0X/AIb+GnZvN7sFZyXkFPlXxzHn7put
iy+nVOeawp/DUnYdjmtpz7f4caqahhSrO+npxCrmVZTIejXvvAn07OeeAz2/xOc2822rN21LlVDa
zbNtSbrY9l0Ze92OwbteLTIeitvXs3ek1dPR17ces1ui1yDGjtybOfeXV1Xkc1jO41eF48Pf5+PP
z8TaB2oupHTXsx9ne32cenGxWMXuc2px43B4+CV9/K1MRl9hpybNkc3fiWJmMyex0MnsNyq5GV5H
yzWbVCtWghqomUvj747808ZNMueeclp0a9plpvu57/Fomktpi007eLZd1ZVVdhtCMN09fLdXEo4m
U/8AdlMzAqkKcbgodX7LGje0ubOXj2dk4YjI/wBMphwsvZYQrGP4zlUiVNkYV/vZbkNoV/8ALxjH
3gtVVV8VXlfepo1ymYymbyF/LZe9ayWUysz7ORyF2Z9i3dsSPbJLPZnkVXzTSyNbJLLIrpHvRXOc
rnOVQABxoAAAAAAAAAAAAAAAAAAAAAAAAAAAAAAAAAAAAAAAAAAAAAAAAAAAAAAAAAAAAAAAAAAA
AAAAAAAAKT36kvm7uveXvJ+lMR/qrek8Og1bz/x9sStj0LbNii2avn7YwrLVBsOotZT/ACpGE4zn
PxWjGLsJXJ/UmccXtni3x/s8KNl+bx7qz9FZOJR/weq9TpsRJ0tbmMZzhGNo1LTIOEZ9sKXYJV74
yjGFVIl4enx8Px8vz4MxuwVt8eo9p/QPWJUhp7Q3Nahacq8d6TNYqyuKiTyRyzZ6riYkRf8A4+U5
cjUWlaX8vQc6vo/QPTs5lpurO4YvuMX29aNvVQ462qTEvLjcr3oESzQjGEOqrb6q3CLMiyVNJa/O
bta5t2Q7VyHc0DS1X+mX6Josa/8AJvlMmGzC6Ta1em77U2SbKyS7sWl00mbQ3dbIqVTcUy8ajc3N
LMrpyK5VrhO5XDKpiYacM5rzJyxV9yov7fvybYPpFdNZtPZpzmTRl+Szo2xa7ttWOi1kjHc2Jdau
PvRPljVaVfHbFctSTQtlmrugZKrErNsubbdABaHzsgAAAAAA8C8mPHrU/JvktzzHZ5k+gm5m1e06
HvVH7N7RzPpWrSk2ukdF1OV82nIt7q9y0zKbw2+wmxgLn00tzNfZzG1++gIvC8p5p4ocjiMvksBl
cdm8Pcmx+VxVyvfx92BWpLWt1ZWzQTMRzXMd3JGoqskY+ORvLJGPjc5qxb3ujeSuus615ZaZqDDv
lFz+oj818quM0byYGleWuiae45lnYdEkyPpgRt7iwJbm9cPvpK0zK6Pf2nGt1eQtqbDpfFfJ7iHi
h6t/OKXWZNzD0vtKtdvNj8eur5qswNhlV1PNzE23T7ukmqiWM6VoWyOZ1ztHJrNyLtGgXqo2wxGa
qLfVk2fNkRw+W/gkz1ZnYt/4dap5116ws6/cJjEK3n6nT7Pv2uw3IetdGqdkpYc+y5f2ujgrXT13
V6Sou4+wa2/I0rqundE1ByDX006O8ef7V9jk9nwVPLj2fJeF5TjjIDp11Srf1XhMnby8vTba8HbX
+iuoOAY50OArSyOWDW89RmkemS1egs0tLFJefZSrgJptUzMlrBfVWR1Whx3vx78jPA/uSNO6LXX/
ADXpGn2UfYdK3TW7GfEhXDEGZ86beOdbfBxDcmQFPspdizoa4tnVTW3a23iVV1Dm18axd4AfqFq5
cOk5b52RHosyO3Hrq7yG1apclR5qU4S22703TKeMqVGlYSlX37PpcKUzKWthMvUoOG5ly9zGzeZn
KuzV83wJ9bPi93yjodM/Ij6H5Gva7GoYkqQrK62q6FCn67+/V2mW9j9LCpmzaVM2zkGxOomxb+NT
UMR2uegg8r/Tv6twPdN5kcr/ACvJXgOtzazNZ3rkkBvc9UZgXutUu4VkXdXdPl7HE025bodhqZTm
LWWzW2kSZBt6aZKr7GN8bjwkREenC8IqO9i/Fq+Xj591ff5Lx4beJW9P+05r9Dp12mtNx+s7/Wxn
r+pdQNevRJqm3Y6xJVrN2XpR1ARs9CzFfltUprul5Z9qeJ9mq6zi7r671obEbnXTed9d1Su3nlu8
ap0PTrZHyr9l029rdhppCsJQtxjE6rkSWG5cf5pRLhPKblw3fdmUwy8lSMd4NWfyPu/aOB7BnaeK
9T3zl18v60yZ+k7Pba/mxaaVlSItvGgSWYdzB+Wc5VAtY8yE575w4wrGfYlr5l+oO9QvQo0eHs1t
yXsLbKUtZk9E50iBYraT7JxjMvmdxzxtx9KMfFMmTFkuLV/tZP5LmV5VTWByf2qi/PwUw76hfRdd
TcVbnn6a7nrG3YlXudBU2BbWs56Jjl5jhX0UGTw9x0afYktOv430rkR7acSOVkd8UFLt39S95UKi
ZQxwPx/bn/HOMSXf+0Z6Jhf+iswkbmw9lPt/lGJ6c5/z88f4MSuyeu/6iXW4cusrOianxqqmoW1J
i8d02NSTstL9/ZMbZtqm7lt1Y4j3x8ZNPf10rGU4/wBt7ZVjMqQvXz4T7/8AL/Q86wX0a3aSyl1l
fJwaVrVVXokt/J7Oy5G2NF+06Kvg6eVsyP7vPo43xwtc7hr5Ymqr232to2vV9IorHaN02Sg1HWah
hUq22LZ7iuoKKsjI/wB6RYW9rIiQITCf/E7JkNN4/wBVFYf1NPXm1ipq7Hingzft7NfTHFQt07ww
1Pi0FRXoc+udQ8ydyqvsrO3sEpdiSt8iKhwaeEvMrSp1hbSoew6/VJ3PqXTejKQvoXRt73xTc2bZ
Nq3Pb9g2hSLGydW/Y2CM3dhOymbPfccemyk5w/KdWtx9xxalZz7B49eGnlB5VWrVZwXi2779HXJ/
Fk7JErM1mkVbuF4StFzvV2ut1GqcRjKlfjzblmU6ltzEdh5aMpKjYWt8XLzx7/BPv8fH7/BfcZld
LPo9Ok/Ru4zqD1s37GbZVwMiXIaeXr0tT0WjLEvehsZyXJ5K2/LpC5iTRV7FnH49z0WO5TvxIrV+
vyd8yu9+W9zTTeubUyrW9TjYg6HzTVoWNc5noFfhpLP4uq6nGedYYfcaQhqXd2ki12SwabZasbmW
1Hjoa9w8B/TP8gvPfbmUaZVu6ZyCrsW427dp2Ovkf0xTobUlcur1yPlcZ3c9twxn3Zoal9DERx2K
5sVpQwpTExc+3hR+nU0nTpNRvnmnt0TpF1HUxNY41oMuxgaHFfTlLrbO37gtut2HasIzlOJNTRRd
arG5LCmnbbYqx5bTllzVNT1fRdcptP0rXKPUdT12AzV0Gta1VQqSipa6On4sQauqrWI0GDFax7/B
iMw23jOc5+PurOcnSo1O6z2eHPHgny96/l8zrnW76QLp50219/TnsyYjF3bVOGalBtEOLZQ0zXlk
c9Zp8FjJIYJNiyfp3zTrcswQ4iS09t+SXPMlmhfj94j+IPFPCvktZyPiuv8A7fXt5anbPtFl+PJ2
7fdi+hLMnZdttmWI/wCdPexjLcWIwzGqqeH8K6ngwYTaWTKEAt1VVXlfFVNN2ez2a2jM5LYdiyl3
NZzMW5r+UyuRsSWrt63O7vSz2J5Vc97lXhGpyjWMa2ONrY2NagAEDiQAAAAAAAAAAAAAAAAAAAAA
AAAAAAAAAAAAAAAAAAAAAAAAAAAAAAAAAAAAAAAAAAAAAAAAAAAAAAAAAYm+dfB8eTPiD5BcTZiJ
nXG584u86nHUnGcK3rXUtbVoec5z/KUp3GkpMuKTnC8NfZhOffPtnLIEUXhUVPYvP4HM67nchq2w
YLZsRL6DK67mMZncZN4/8rIYm7BfpyfZVrvsWK8bl4VF8PBU8zU9ONuNOLadQtp1pam3G3EqQ424
hWUrQtCsYUhaFYylSVYwpKsZxnGM4MnvDPyh2zw48j+aeQGpsrsV6dbqa2TXcScxmds0u4Ycq9s1
p93OFtNrsqeTIzWSn2ZDVZdsVdviO67XtJzkp6vXjQ74wed/Y9dgwPwtL6RZZ7Pz762vpi/070OZ
OsbKvhtYx8Gomu7kxtOtRGUKV8YdPFczhGHUoTGUXyKjm8+aKn5L7D6tcHktV6z9MMbk5KsGV1Dq
Tp0M1rHTu9JHPidjxaNu42y5iscyaKOzNSso1Y5oLEcjU9HLH9nZHeO/qfeDvk/O1jX+Yd51hO9b
WxH/AGznO4onaTuyrR5GFOa6xWbHGgw7q9jufYzmJrNjeNTMsuSKuTYQsIlLz6NUBDmS66XFsK+V
Jgz4MliZCmw33Y0uHLjOpfjSoslhSHo8mO8hDzD7K0OtOoS42pK04zjYVekD5wSvNbxTqrDdLFEz
tfIZcXnXWcuKTiddSo8PDur77IYxhOW87nTsrXYO4Q0y7tVRtKIjDERlhpNtJF3E5RVVPbz5p/v8
vA0jdsXsQ0+gev0eoXT/ADObz+lS5JuLz9LOpTnymuWLz3fVVv17H1aMFvE25f8A1a981KCepedQ
Y6W59Yp6rKqACia6gAAAAAAAADwzv/jRwryk0h/nveua630bWl5echN3EZbVvQzHm8NLs9X2KA5E
v9Ytct4w2qxorKBKcZ+Ud5xyMtxlcFsb0kvLHwK6bZdt9MXusTYKiwU1navHPuL6I1fudRFddeZo
JOxQcQNb2Rxlch5qksLWNoN9rsdySqJurz8yZmVZFBMjlbyiL4L5ovii/d+6cL8T2Hp7116jdNsZ
kdbw+Wr5fSM0x8Wd6fbXTi2PSMzFK5r5W2cFfV0dOeWRkcjshh5cZlEkiiey8x0TFbXo6F330/8A
f8s1fqheANp4udUnYTBvt337ik680m8tXHFsq/o3yO5FVP3d3WvPZy5iXLfrIcCQ8prM+V9WbB7p
Ef0vPQ17/jEvj/c6Sh/LThTdVzHyi160sYanvZTaHqTpEne76C97Zx8I1lGQ7j39lNZ/j2sizYUO
yiSYFjEiz4MxlceXCmx2pUSVHdTlLrEmM+hxl9lxOcpW06hSFpznCk5xn2MMOg+m/wCBvUJD8zcf
E3iEifLUpyXZ0Wj1emWsx1ecZU/MtNMb1+wlyFe2MZkSJLr3xxhP2fHGMYmR/Hte1Pg7lPZ5Iv7q
vu8j1rVu0TRwzGswu0deekbUXn6s0DqFJt2kweXdjxml7fNi7lKCJOWRx39yzUvc7rfWGcOV8UDX
6bfwptMJl0fd/I2TXqVn2W1s3JrTCk5/nGEzIfLo7GVe3+VYZzjP+cJwd/1j9ON4G0jrb11t3kZu
OUrwpcW53zTK6C5jGff68I1nm1HPQjKceys4ssuZzlWUrRj2wnL+v9Gr00qucmxheLevokoVhafu
3vrUuN74zjPsqDL39+EpHvjHu2qOpGce+MpzjOcZzR5N45cE4PGcjca47zjmuX2cMS5moajS09tY
tYynOE2t3GiJuLXPulH91lOlL/sTj5eyU+xZHex7l+aIn/7Kcntfax6mrRfHq/aS625adURGwZrR
9V1BqIvgqLlsF1D2S6jkTlUkbURzlRPBnmmKPJPSY9PHiz8WdqnjBoN1axcocRbdI/eOqy/yW/bK
JjUfolnslXBlIUlLjS6yvgpYcThxhDS8fIkKr66vqYMSsqoMOsrYDDcWDX18ZmFBhxmU4Q1HiRIy
G2I7DSMYS2yy2htCcYSlOMY9j7ASKqr5qq/NeTFnaN33Pd7Tb25bbsu2XGK5WWtkzuTzc8fe80ik
yVqy6JvHCI2NWtRqI1EREREAAgdXAAAAAAAAAAAAAAAAAAAAAAAAAAAAAAAAAAAAAAAAAAAAAAAA
AAAAAAAAAAAAAAAAAAAAAAAAAAAAAAAAAAAAAAAK936hrxMV17xj1/yN1esVK3TxytHV7FmKzlcq
fyfcJEKBfqcS1jL0nGq7C1Q3zeV/JmrpX9tnK+tC31lIg2tW1avQbvrGx6ZtdXFvNX26it9Z2Sln
Iy5Ct6G+r5FXb1ktGMpyuNOr5UiK+nCsZy26rGM4z/JrSvOPxX2Twz8nOm8GvsSpNdrtuqy0W9kt
/H+qed3mVz9Ov0rSlLDsl6rWmBdJjZWxC2OuuaxK1LgrLmB3KK32p4p8vb+C/r8zd79GR1rjzmn5
3olmbiLltOlsbFqTJpPt2dXyltHZajA1VVXLhc7ZW2/x7zoc/GyNno6cipiUXmfRLqOJ9a51W+WP
OZthp/bHtGg8C8rNBqZUX+jd93PRcVj2n9dtKByOmTXbxf66zFuZGxU8iJS3M/Zt4jzaqbf/ALhc
pozEufos+UfVfHvzS0TTtC1u/wCgat36yrecdC55QJS9On1/2SZldvEBp91mExYc2wqy2KXPnOsQ
2tR/q2JLmV0ec5Zwp5Gq5q8eaePwVPai/qnxRPIyg7aPTDM9S+he2M1rKuxWe1zG3s42N9uKrjs9
g6kKW8/ruWdaclL1W1WpQZWjLaRjKmfwuGuJZp+gdZj2CoALM+aIAAAAAAAAAAAAAAAAAAAAAAAA
AAAAAAAAAAAAAAAAAAAAAAAAAAAAAAAAAAAAAAAAAAAAAAAAAAAAAAAAAAAAAAAAAAAAAAAAAAAA
AAAAAAAAAAAED3rveB6/Jfx5b73z2lVO7L47V1lbPxoEf7LLceSLyqfttAltpP3TZ+quIXuVAzlT
i0MM7TW18V+w2BlJPCfxSUqSpKk4UlWMpUlWMZSpOce2Uqxn3xnGcZzjOM49s4/jJFqq1UVPNF/i
feeh9KepWwdIeoOsdRNZk7uU1vIx2lrPe6Ovk6EjXV8niLisRXep5XHy2aNhWor42T+mhVs8cb26
ng77y3p278Y6LpnVubXsrWt60HYK/ZtZuonxU5Ds617DraXmXMKYmQJbf2QrOulIdhWddIlV85l+
JJeZXLT60fp3veG3eHOl86pVMeO3cLaxttTTCj5TX8+3Z37bHYubu5aT9MOBj5P3mkNqwwl3XVyq
eKiS5qljLchZL5FRyIqeSp/EX9FPqK6f7zqHWfp3htwwLq+X1fcMO/01K5HDYRjbEclTL4LL1Xek
hWzSn9axmSqvSSF0kUrWrLA9j37NLwa8jr7yx8XeT962PT4GmW2+a9ibNr6W9g7Br8mdBmS6izl0
kqPIdsIUXNpXTWX6O9ZZt6Gc1Jp5L1p+Em2nZbFMv0A/UNj8m3l3wx61eYi8/wCp3ubHjNxYv4TE
1Xp9j8GpmnuPPKwmNUdE+uPmobStLMbdWG47MZyTuEySxc0LN7e45U9nmny/08lPm97U3RjI9EOs
m1avJjI8freQvWs9o8tVLbsfZ1TI2ZpMdDWmuz2rD58Tw/E5Bk1iSVl2nK9FWvNWkkAAkMdAAAAA
AAAAAAAAAAAAAAAAAAAAAAAAAAAAAAAAAAAAAAAAAAAAAAAAAAAAAAAAAAAAAAAAAAAAAAAAAAAA
AAAAAAAAAAAAAAAAAAAAAAAAAAAAAADwfyX8dOa+VvFd44X1ar/cNU3SsVHTLYS1i21u7j5++i2v
XpLqHMQ73X7FLM+A9lK2H/rdgT2ZVZMmw5GuL8vfFHp/hj3PbOG9Tg5xZUjv5+t7JGYdapN606a8
+mh3HX3HMrw5X2jTDrcmN9rr9PbxbKjnqTYVkpCdnYR2epF6e/P/AFAOKvalZZg631zTmrC2490d
1hSnNfvJDTeZNBeLjtuS5Wl7RmNFiX8NpDzsN1mDfQI79hUsR5FWKTuLwv8Aav5L7/8AP/Tgzl7F
Pasn6BbY/WdrsWJ+lW3XYVzLESSd2rZhzWV4dopQNRz3QeibFWz1WBqzWqMUFqFk9rG16tnXIR5D
8R9iVFfejSozzciNJjuLZfjvsrS4y+w82pLjTzTiUuNuNqSttaUqSrCsYyXrfSW9V/S/JnjWtc07
zudbUeSunXGrc4Wm0koan9lbvVOQNT26lj59nJt8+mG/E3tiOlbcOzip2BeYkPYocCJSX7Dx/o3B
Ok7byPrOr2Gnb9pNo7U31HYox82nUpS7GmwpLeVxrKos4jjFjT28F1+vtayTFnwZD8WQ04rhOe75
s/Ld90vpelWCqnb+f7VQbnrFklPz/BvtatItxVSVN5zhLzbU2Gyp1hefrfawtlzGULVjNw9iPTj7
0X+exf55G5btD9A9J7T/AE5pUJrldMhVjbn9D3DGS17LYZLtaORrI7kbZ47eAz9ZK7bjYXPjkayl
kYO/PSrKbVgGK/hh5XaH5oePOid20R5hj9+gpr9y1pMhL8zR9+rGI6Np1Gw9/i98q6Y6mRVyn2mF
W+vzae8aZbj2bODKgs1RUXhfBUPmb2DA5jVs5l9b2ChYxecwWRt4rLY603uT079Gd9ezBInKoqxy
xuRHsV0cjeHxucxzXKABA4gAAAAAAAAAAAAAAAAAAAAAAAAAAAAAAAAAAAAAAAAAAAAAAAAAAAAA
AAAAAAAAAAAAAAAAAAAAAAAAAAAAAAAAAAAAAAAAAAAAAAAAAAAAAAAAAAiw9Tj0w+c+oBz7FjBV
W6V5EaZVvs836S4wtMawjIW9LTom+YitOSbHUJ8t11yJNbZk2mpWUl23qG5UaTd0d7QV7Lxjpvj9
0jZuS9g1C10jftRnKhXFHatJSrGM4+cWwr5bSnIdtTWcfKJtRc1r8qstILrMyDKfYcQvO05I/fPz
06OHefvPsUe+RE6t03XoUlHOOwUsFh3ZtUkOZceRW2TSlx8bPpsqWvLlnq8+S03nLr8ymm0tutNm
itHL3fB3i380/wBPh96e5dhfY77bWT6JTVOn3USS7mulVmx3aVpiSW8rok1iRXSWcfFy6W7r8kr3
TZDDR8zVnukv4hrrC2cfk6MHhN6h/kZ4D3O5WXELDWZ9TvldEibJpm+1dpfahKn1z32VexsVtVea
/MibFWsOTIDE6PYoZfgT5EawizcNQVQ7ivpN+qZSeemj2WndLd1fVPJrS1z5uw6nRtyKqm3HUXJi
lVm4aVXWdhZzVMVrMiPTbTV/uVhJrLBmPbLUxXX0GPGpb+X/AIU988Iukvc77dqq4LUtcp7T94qM
SJ2i79VRnEoVZ6teLYYS8tpLjCrKlnNQr+lVIjotqyJiTFW/j1oO/wC7cs3LXuhc52m70rd9TsWr
bXNn12e/W29TPZwpOHosuOpK8IdaW7GlR3PnGmw3pEKYy/EkPMuVnMa9OU45XxRyfl9xs562dmXo
12ptKubbqztcrbdstShldc6p4KOK39Yy4+s6pSgy81R6fWeKlrJ9XXonL67TWCB7U9Zxsdc2rIIc
fRz86fIvzk49tWy9x0XSYLGgWUDUoXUNbuf2yy6LepiIk2Kp3NG4MiPSKr4i4r9lskK5rqK1tJy6
7X9ZjIrbRNfMcWiorVVF80+8+fLqP0/2DpZu2waDtK41c9rdxKWQXE5KtlaCyOhisRuht1nKn24J
onvr2I692q9zq96rVtRywRgAQOkAAAAAAAAAAAAAAAAAAAAAAAAAAAAAAAAAAAAAAAAAAAAAAAAA
AAAAAAAAAAAAAAAAAAAAAAAAAAAAAAAAAAAAAAAAAAAAAAAAAAAAAAAAAAAAAAHkfb+D8i8kOeXH
K+26JR9B0e7T7yKi6jqy5CmIbdbjW9JZx1sWlBewUvO/gXlLMg2kLLjmI8ttLriV02PUD9BvtXj0
7ddK8X03veuNtrkTpOqx4iZnYdEgp+bikTKeuYaRv9TFRhOMXGrwmrpCcrVYarHhxHrh+8GCdj3M
8vL2ovl/v8TInoJ2nuqXZ6yizahlG39at2GzZnSs06azr2SVe62SeGFsjZcTk3Rta1uTxr4J3rHC
y6y9Vi9VdquucdS6jxHcYe6cs3ncOZ7vSv5SxeandWWu3EdTTuMvwZbkJ6OuRDdW39M+qnIegzGv
sizorzK3GlWwPBf9RBod5SUvP/OKsmaht8RuPAT3DTqF6z07YUISlrFjumn0jT11q9u57IXMlanV
3dDOkOPyGqnVYbTcXMofmr6R3iP5qfumzbBqy+XdhnJcdR17m0eFVXdjOynP1vbrRKaxQ7w2taWk
ypVrGZ2ZUVlEOBs1Y1/OKpnln6HPmv41O2d5qGrp8jObQ/tfa2rk0KXN2iLCR8lJXsHMnFSNqhyc
NoW/JzrmNvp4bKcLkXaM5yhNbvRy+Dvsr7OV4/BfJfkv4G0RnV7sddt3CUNf6mwRdPOoTGNix8uX
u08JnaNqREa6LWd4fX+p81Tkkd3IcRmoWSWpu7Kmvemjhnbc88UvNDiXlxA3RnmO6avf7Rza7zR7
pUa7ew7yKliT83td26hmxl+9np+31uEWFRMcZj2FXLxYats0Cn2yiuqiHlyavzxy8jOzeHXaaPrn
JriXqu9alMfr7Wps48n9rvqrL6G73S90o1uRV2FLY5jYYsa95UeZCmMRrGuk1t3W19hDvkeA3qre
OHnTQVVTV3cHm3dUQkZ2Liu02jDNw7MabzmXM0OzkIhxt7os5Q6+hdW2i9ro2MLvqOrSthyRTkjV
vinKt/T5/D3L9y+9cKe1j2Jtl6JWXbhokGS27pbZgjmt34YFtZHUbSRN9ZjzUVZHu+o55O/Pjcyi
OgrxvbjsnMy1HWt5STsAFIwIAAAAAAAAAAAAAAAAAAAAAAAAAAAAAAAAAAAAAAAAAAAAAAAAAAAA
AAAAAAAAAAAAAAAAAAAAAAAAAAAAAAAAAAAAAAAAAAAAAAAAAAAAAAAAAAAAAAMV/IHwi8TvKVh1
Pd+E6Fvdk4zhhO0vVi6LeY7KUfBDMXfNZfptxjR0YwnKYrN2mLlSG8qZV8E+0KvZ/wBNrw66sf3/
AMdO99G43ZsSE2EOo26shdJpYUyO5h6IiltIM/SNppkMuIaW1NnWuzTmHUfchS8/BCLKQJke5vk5
U+Hmn4L4HtXTztF9bulbIq2jdSNkxONhTux4OxajzWusYqcOazXs7FksNH32/Ze+KiyRW8J307rV
St5z7wy9dnxqwzX8r80uOdm02Dj6ous9huts2eU9Ga/tjRkvbtzu7uaeK03hKGIlL0SGwwnGGEp+
lCDMPTu1es9rmWGul+FfjH1FDXxS/J5l35PMnpKU+2MuJxuszd2UPrxj5K9o7TGXM5+LTCPZKZgA
RV/Pm1q/dwv4tVDm8/2hrm3ukn2/pJ0Q2C9PytrKN0i5quUuSO5701u9oWf1Keedyry6ZzvSeCIj
kRERMaOT9i7htzkaD1LxF6PyCc78PyLNPTuB9B1CN7+2F/8AeWv9Lh7a98M++cfXoePk3j3/AIX7
NGS4BIvy4+XP7qp4fmMhUydx1mlgsVr0Lk4TH4ebNz02ePPLX5/M5y+q+z7d56ceznxAABxQAAAA
AAAAAAAAAAAAAAAAAAAAAAAAAAAAAAAAAAAAAAAAAAAAAAAAAAAAAAAAAAAAAAAAAAAAAAAAAAAA
AAAAAAAAAAAAAAAAAAAAAAAAAAAAAAAAAAAAAAAAAAAAAAAAAAAAAAAAAAAAAAAAAAAAAAAAAAAA
AAAAAAAAAAAAAAAAAAAAAAAAAAAAAAAAAAAAAAAAAAAAAAAAAAAAAAAAAAAAAAAAAAAAAAAAAAAA
AAAAAAAAAAAAAAAAAAAAAAAAAAAAAAAAAAAAAAAAAAAAAAAAAAAAAAAAAAAAAAAAAAAAAAAAAAAA
AAAAAAAAAAAAAAAAAAAAAAAAAAAAAAAAAAAAAAAAAAAAAAAAAAAAAAAAAAAAAAAAAAAAAAAAAAAA
AAAAAAAAAAAAAAAAAAAAAAAAAAAAAAAAAAAAAAAAAAAAAAAAAAAAAAAAAAAAAAAAAAAAAAAAAAAA
AAAAAAAAAAAAAAAAAAAAAAAAAAAAAAAAAAAAAAAAAAAAAAAAAAAAAAAAAAAAAAAAAAAAAAAAAAAA
AAAAAAAAAAAAAAAAAAAAAAAAAAAAAAAAAAAAAAAAAAAAAAAAAAAAAAAAAAAAAAAAAAAAAAAAAAAA
AAAAAAAAAAAAAAAAAAAAAAAAAAAAAAAAAAAAAAAAAAAAAAAAAAAAAAAAAAAAAAAAAAAAAAAAAAAA
AAAAAAAAAAAAAAAAAAAAAAAAAAAAAAAAAAAAAAAAAAAAAAAAAAAAAAAAAAAAAAAAAAAAAAAAAAAA
AAAAAAAAAAAAAAAAAAAAAAAAAAAAAAAAAAAAAAAAAAAAAAAAAAAAAAAAAAAAAAAAAAAAAAAAAAAA
AAAAAAAAAAAAAAAAAAAAAAAAAAAAAAAAAAAAAAAAAAAAAAAAAAAAAAAAAAAAAAAAAAAAAAAAAAAA
AAAAAAAAAAAAAAAAAAAAAAAAAAAAAAAAAAAAAAAAAAAAAAAAAAAAAAAAAAAAAAAAAAAAAAAAAAAA
AAAAAAAAAAAAAAAAAAAAAB//2Q==
', 'base64'));
insert into image(id, content) values (2, decode('iVBORw0KGgoAAAANSUhEUgAAASwAAAEsBAMAAACLU5NGAAAAHlBMVEXn6em7vb+6u77h4uO2uLvZ
2tyxs7aqrK/Q0dPIycuyQxcZAAAACXBIWXMAAAsTAAALEwEAmpwYAAAgAElEQVR42sRbwY7bRhLl
uEDAuUXc/YCQIxvxrdeNBmaPVoQAuWnTIOBzsB+yiOH72tkP3nqvqilSJDWasUfSjDUUHWCeX1W/
elXFVNUtX4HvIlFCjFKFyC+9vikqBVQpCvxULBIj4AUBwpvhUSAVfr0hUzQBoCpFJ7dkyyAhcAye
kC6QJpLijVIqDJchaGrhjjCpFFt1Q7aADGEMhIaUCsYXonmINzt/wdI6VgwcwqghBWVgrAT4ql9H
aAHwgEZzPjKCgRkfbydYQKNvQKWUMb0iEx7RvKGKOlXVIRi2gDd7hZuJg3jWC4+gnj+GUU9hjgzu
DTAFZrNQupBVqvGQL15kZcx06yZSH0gXUkkBKEsIoqa7ZXwcQMkVvz27lBtIJ9RT8YTIchiVr5CP
heB6JScwd6DtqIzUKFIFF2Eww62OIWIXiI9pBSi1a+mNSjUJixZD8KMWQnAWCQqMxRuU6mNdgUwR
FNQ0ms4rqqw/0gDf/lvq7otdFB2FiFpNNFhCXNELY7xF8bGiiMBVVFE6GxGJXhTtdSuVt+ho+FB1
gCzTpRZoVxZTGWReyBOcDfCwx1CAiVwlGR/aq4UR2km2BGlV0clDJaqYU1J0fZwKSpiKy0tclF8j
kC7wFSjwEjy3qphGuSXHf0phevAf3+9OCJZU5j8hCsE8hHh/ESEQkvP5EIaXuBOK10JeRTaG7uId
XTbdunbpgaZL5fUwmpWgkmpvEUWz67oqL2NrKiYMQGWGVA6WXkiu8Um8hlKInTxmOmoPjINGTQJN
hGlWnWdsheEfJieW53vcEW8uWHwUFM1fdVR5dcyZ0PLQG41UZcqeV7RvvjO4ZABDVkG0KtbD2ocP
UNLE3D93fl7gJIq30dYecnoUD6EO1iEmnsRDPqmJ4UXz3cmy0kMZVflKFFM2iIghkz57s3+92sOG
wiKHcsOcx9DNbWkmLqXrqvKAQyh0ymKZZcM/vA6KSWJtbKW01FdOIiqTNvjZd6RIKR1XAEImFJ0y
4JhopRAzzuO0IEyxDUV1cG/fckeKe2DoMEOK1AVKV4VSmOBrcnIbGK6n8MWfmlqFkGC6vBK6A8ws
P9Ni9bK4zMhYknE0wwqtP2u9n4TuIaPVl3zdk+ithdjQiBIRbXCajKveOp/6DNnfPYZF5qkKPJc2
wZUEIdV0r5PGT23NskAMKTpUEJmE4sl33LpbrQ7u4mm2KjH3HmKqo3Wu484nnAulDLXyW+8Exxso
oDyLwbswr9Fgq+7jk0Ioz7pznCyTR7Y6lYuDGfggtaqDpXxmDZqzFJ6TYw9fOr7efT777xGbAXJt
IYasskbxYPqu2A4TlQ/Pz/vXX7tu03Tl9Wm5N7Qev6JMofQEznGjtxVoDuHi9SoXLx8W0cgivlkG
vv6fQmk3m43+adtNq5/+mk3+3MOJTdxN260+C01pmeXm2MPKx0d/a1hw1OM7fypTLV9N0yiwBrS9
C8cCOPLLNmLDMbThpE+OPMWy5nsN/xD6fPmkTMYVuNypwZTS1CgeQGp4ocj+O0qoSWdhyzqbN5jX
gqQmBDEDWAK8PFaW8Vjssvz6J8LXgC3DhS98VLBvTiwgJcv6ejbUPIdVWfSoKtAEliHEU7rXGdJ/
NF3r/DhbBg6sNT9PssDMO8eSNgfh+MH66RDKvE1Tvtc/qb9Qtxbt+d2maVvnpwAaPrXdz1NTGj2I
pg4sPHhjd6jVOZGz5E7wAgBrwO86sLTAlt1pShyDp4ipuhkubghsuiys0+hkkWCc2eR+XHpk3v6G
IctmcH+wjJqyNaDS+013H0baIxPDFW2/o7mlElqbNoRca5nWcp3yM9yA/a4aEso8WmNrw/M4akQt
2WPlyxRO4VFrpKb7K8ql0pXPycHS4Hr48LXzHNqMsJx8N93BtCq4MlTulYMrA8HxMsHOZMeV00UZ
tfC37zvnqJnjGeLYdu+GppVWxpYoXFWg9gTbpihfvSUWpjXS9xOBCIuTqOXXD13nGbWZs1SukPb3
w0KlCub8ygaqiDvHbYqLPGla9f1pbsmqToQTV6aJ5XJwli2V+/+U8mCD+UBzylmW7Z1sodLXmfou
WcU+5jNdtUxq4vQ/em8yupJTQ2rpW9daE+bDI5p4fzTEvZZ1h2Yc0iHZz2pl+BrWwyh6Ctvx+Tv9
HtjSw9i0P/oQyLy0PYYh6vs46vJuB0hqarzi6mP/HIGoKpzCRUgztrSOd4NsWT9R+nuxXU/x71y6
gjmtPkPxuTDTxfN9czZ8R7YobPeVdTr2mAOucyzn0ZcqPqlJ8BApadIvtDzVUmDHovV1RaVmbFnS
d+x1cAqFuzosLRg/bAYy5rjZCjUJG9gKc5JkVbYEtXCZq7HAl2t6nHsX+IpoTE89hkgroMlsFHER
+7o/m1srvYZ8mbM0PQAj4SdbXRX8xWFWLOuwMq8xm5X7OvUs1n3Mq5m12gC97toVlgZ3c/yrThWi
634yIyByAKTK9k4h5KEKYmLqipq1Io781qNziILw965ZZqud1WvEUDWi21a2+PVt2KDu1K1g3WHP
Eg33MLB1aY9ozqFdLc1T+shVB7a2oItPZtkTSEH8HCZoullAhUb6FJkK1/om63Qo5T9eNY+gGuhT
VA2/0QnZOowTkVhM87BtTZLMw9eJUUxx+SROT+WEva5pLmTLQOG167KtLIJNHAIsFnNLUUguLquH
1OsPfT3Nzmivc9ZgjYuPZpaFUFGpRgQ+x1kmWsNhRLajA+sDbLy3ZOnhETSnyxJN+NUKPS/Vml34
Ai4xCaV7YMeqxNVoViP5yvSBPb0gcn5iWMLjXvkiVLQOG1iyxmK41f4/2LhNfKc5nMU0WNKe2Y+W
LK3u/Jax3V0UQyuMHdx8C6q2GsVouxRjC9IaCQJ+MCQbPGSYQLCW87rfG/f3Q0x/3zSrB3DKlmZ7
meJswRgrtT9m52xln3cnz3mthTEd+nAs1eFCK9+17eMncRCIjcFqgesvTmbE5w7cIoZ4OJiZib1k
NojUrzwp1XJuric+c9hsVqJ4wlnHdFfN2u+24Gt7L9GfBLSU504TCl+bMfV0SxkakS7LqnLvfesm
ai2Ix49gy2R+xyh+4GpsSHZ/Iooymtjmq6PJkFK896sD3blr1stm1SifsNU15mnKa7vfRetZ6WnK
CeRGLLDhwZJAlaGnDXyaaa5b//ULdvnUTXhe7UxSd93ul1DXVfAHC2wQGNHcx1QrZ0ZTotQvqLxM
hngnDfarzXzWUG5MugsEz45hQ4FAHN/QLYRjDCVg9yQgig0PpCEgjrF/2nMQ/5p7l2WBZy1kFPdd
u1NQ291ua439aChpJtkqDsD0bF6PKn+czqzOJknZacjmcIo0gDESxpq4pUwc7BEDGCyVBpjnjE0i
7BWsllVri2O/rlnz29JOFXPeSBcD34Cqhs50t2OK7bvdT7a9t44M1j37tkCdFit2n/x9FsRwbih/
92h1HjsaNzV7gPr3VnH9Ys+2xTJD8nIYe3OnPdIr5c8aw7wiEGHRd71aN/AnKKFY+o3g7fdb/bnV
SH4Qn5rWQ33mTDJRHjASUUCg6mF9hb4U2T9XDPz8DAw+S2O4Q24h67sq2vNHw7IH1UZzXJSw3hrE
CFCFrbPbpGPj2q1HcPIRbcVIS3dIrZ3S9sn+t5QBV/Z1K5tWtPloL/JDOpkGylnrXEm3Mnc4zX/U
c5OtzRbnEBHc7rfdPWdtNkqOB+3O+ExUYgHyQwhIvan8igEMp97mbrPG1TSInWf7zqvhFsD0en8v
1egpzlznQ+kM6ZujiX0/DaI8thq7W+NqEkSvOx5Fzaw9/IMmfrf7jV2rbXosdvBYVhPRIj4gu5D6
iy3Gmvd6v5ZZpynPDn/794YGsEFqqT5suz86Pk49vHwgwnKN5jCx64F/GDmIxayfsPdlTbBOZF+Z
2pR039My80tZ40yEbfS4zUeip2wdEBw9kJ1Zq8jJdbc+aBvpWNd62fFTqMC0Uv+61fza57IuL09U
Z58vA1c+INdBVf+xv6C/KJ/ax+V94w1+cVkQLbw6C+TfjKFgj+PmmoPclELuH2zmpgKmV/rprFyN
H55Ts3VmTnqkzUphS8Y+QBpUTPf7neb8Xo+ihjHDzZTHfcrQBlYLXeJnkpU+ntTBM63G8mhyPI/0
cli6HdP2PeqPZtZbRXZfmld7nPO4T+EEsO/ZJCKS+exJnPD36lwQjS045bZ1Q6NZvtu/3UNMu/32
V0jFG38KFzM2QHF5R2fd22RLz+Kn2QwinFssvjo77G7Gc7aGFWf7ATIKbdh3f6iJeNv9ln1FgMoI
p0VPn32ylem0PgJofPwZg2IGX50fmLqBb7hDZyzpSjHdgqLuNZL7nW1UxB/SijYHiVAE7Vk1lg8Y
kiiyz7NtT1iqO//n5Gp628aSoCeCgJ2jGP8BMlyeNSs8gHuLaQ6BuRkhHsAcR+Eas/8iWOIBzHEz
MDA/d6uqH2V9kLKycizLPjX69auurmpGosg1LWsaPay2RJcr5gxvNb/yKkVxFTow6z64dix+8zXJ
I4wxE1HdVSHp7Gz/cy1XRyWv132cDx8qAmmV73Pym8IRG54MsTh52d6DJ4giqFJl73AR/e37NMlM
ro7Gw4gOwvc8P8AWgttjwOBlrIr8Kao1ay21yXAVly9b6RFBklurkl+9YfFMf09ncnU2TG8SQywj
DrlGsQTBsSPyQlZu9bq7Eukyo2CDJnIJtlpW/cIgPRPmTF2dD9OxtDL2aht3arGtqmd9FXX9dStc
MKm0tbMUafC7tfCq9eEtkfLsLC/RND0bpjMywETokBr94xuSVeTEeORs2Mkvd5imTVaWCEEM8z7s
wi46PqO/Juaepmym3M+zlYplifOJj9onnmEB3lxX/XstvZqhIkXZOI0XyVKbbl94hu0sy5otsexs
sjhE9pqtxKZWi4yQBQ5f4Bxr/gCL6P9spQHG5eUnRiPxTyUmcChnGcR2AfJX17M12QMSHzASpnYP
9UJV9URWBvZRs2vkNIyIy5Maxth1Wj841Bbqyy/vR81m61SiOclWeiRpUTJNCAxVhmpH0dcNUtbk
H405IDvrlVYMnHzNqRs6/5UxGZdfnW5qnabp9Zf0UqI5CTSTtpzE2gIioKDYGvdi8n31XOX941Tq
rVsfdPm1JupdGVmED+0QbpdrZlTus0MldUgtLqPKOEBkLK/6PXtiU9UfRbGs1lFRT373hJQN0kNU
WuAP7TJAzNX/2byTnntjme6hjhDZoXKUWtLIa1BfBTL26Hh2pM27tXMHjQZYVqrn8ASDD7HkV0sT
6/Gn7M1s8SAnEqjGo2GMjbpG5eO1f5zsHSeOzPMcmClvygixwV63+4np5qK2LmWHNM4Veb5HPLiH
QC+AfM3qQnR/d+yFLbG+tebzRELoDR+8SqvzXdcu4frlMWano85FtpJp1rEBLHYfBKYXk9XXf8qt
kDXWrs0UE5lxrz9wil03nq4eX+7+vvoZFzPORW1FZMCBUQrJ2G1Y9PxDg3Q1Rf1epgBJ1ooNEHnC
1IPx52/qP45AGrolpXmeqWYLau6RpGXSXyyvSuOFCoupqimODJJoonUhWYstUHo8mYMhPMh8eHsv
d3uorQs1Nz0eD6MQDwKYJ1ZfatS6lezUOMP8q7kqZs8RKlYDgusQVUC+OvWedphKfjXvU2/fyNbm
SISfdgtQ53Vuphg+izqw7gnx91XWxo1JEmRWFm8fsxUFEbxGQETXdbeueoNvba5sHmWTSFPTeQJ1
uLe5lQDPM1TNVz0DUlPkMz0781I0GQ7ex3MMYSx9uGW/cxW5/PKQOLkpiWGWikoEsCbZspaIUbHe
ReGhVcGvkDAKD/hVxIHctAuE03HZGTtZfsPPT8uOSpoexBBNYQwMkd3nvJQkXvW+bxBVL20NzNk5
U7xt0BGFoPkaRkZXjt7fvnL6brPsPyUmTNp8b7xU5YUUNaqs/R5H2fMQWetGmZ+8oBTTIT6UpR/x
oUMLcnMov1oasH9aFiCyKIakVYwm0wU0DiEszTOC/G96KkVuufCrjXaKsNRQ3g8jzjDMdb+72R3G
d+nCGXK1INoosuiaRBAqtcZooBgzus8fttgmBdeUZW8mT+CtVN8JAzt1d/NFvPt5s7RElm6idxhn
MOHDPSqsZwNC1VdNj77Y14+sLW/u7+DaSUByxuNxD9sRjce/dOGWucfe1xejz2HhW+wvRmZ2WJSX
yeLZp3kTMes/Trtt6oHr1piDBoyBYBrPsez8kdawvUabtzNq4LThqYZjCZMvYLCqa4gLec+KR6rw
70P0B0RpGMBuOMRiH5xwIoSb1obnJ7LNYdfaYsqr6SRZ65LaKJiy5HEdn5u8Gtz2icxB8pZbi8O3
mgzxFnwMaRwXD3Eutu8LRl1miwWKLJfYZi1bwhai6jmUVYjqmXrpikeosbXdWas+vLpgmBpCd23N
env69o9ZhEistKL1JG0ya1Jppmw5Vb0HDez7B8Zq7XBrm1HepHiAlQutzYdoieiHoZwO8aqNuJqx
E09imxye/OBasKykMFcaXgHxqK3m37tpraDlbhtQNJjTs8O0w9oaeIYTQGyXK317aq4ccdNjC5/8
ITHzF1dQaim5sphWrqvIbwwYk+qwtjV0bU4G48qIBbjF5sMOFJbraXvxLFIyly3ewk2Eh8RaD/GT
9a6oCvHl5hkt+8s60qyd6d0R2SmLtB35DALCd+jCeHvFnyhcR1uJE3OwdsjdldwmH/UfAkbDVDV5
H1ppR1rGMMTiZEG7Lkh+AJ526IzfhpduZhNptRTgf2fc1vTE0cxTNprMxsQiLwBb1X7fAy6AWoXW
2chJo4tIchNY8p0rdQ8RFatttGytrtPlw5zxbsZtlVe+SXJZrKZPko6y6nmcgniUFghE/7t5TRzB
2mmdZuDpsRd6WdWoeDTqLoQl5j5XaBO12Rx7dMnBtUBgTFalmlLtZ3T084ocsCfGx90QmZo8y86p
JXZ6I1CMiDJ44Ol1tnVmA2Xn9Z5qmzrKpZUOkdwdvxSUtoT3CJP09Ll5FI56eYeEibY0g6Dckb97
+xbQT5Lu6rS+lnal0hnbLuYrnxaiRLCqOiWDt/kQcT4DUPvBmT/gBe0xT7iVNoeNPL+OcOq9Dz/y
ROkFb9Z6SGYjTyJvWiadCaZ1NaEDfuz3qPg27tOorjTeb9V7FEnLuho62mNd6G41C+bWRkwrtbGV
RPS+6qM+o8zVfY5kFbSj6qLv/2jX7DVM1cprG8PpOrqutTbNyke5jySDC8rD/ANa64tJOhGYJtHG
r3Qja1Eb1DhiLHobyPq++bDG8T2Zq6J96hAMTIdAYECO8AfG1U2kefuGunXYH76Q3mzi4XBxT9uJ
GCH2sCc8VPI3M0Dpc1E0X4/YMqcyDmFtObgQdmWJkbolNHTuWzfDIK781x6M7JfLbE1KTTRU2KDz
Jpe6HL9AAlH6vXn4SNVAtifuEEwBtG+kiX0aP8eX8Nba8Dmfn1mliTyrin2a00RNZxqQ1YhIAByq
/oscnjZyU+OkxlBBJHh8FEVGnB/CGsfLrZHttafbTtQjow34SvKHKjGtlKVOqHrgTfzdLiLOsn5+
H41DJ6EUH7tBEOVGPzoRQAQlcOhc+Ovt4fXk759OtxIPK4AUaiTNVJVU79q0oyhBPCM0M8sNTN3U
eZwJgNK0cCV1hOyJ3fXKuhhi3x13HvZDIzRZ8iClhjxLeC/BVOrRc9/sgfH/MiR1XHclYSAoIF0k
8oH3kAOPZuqOvWf8seclT1xFu4PGaUgVkuo+LtMgW7qEhqbgzEX1Xr3w4KhQGilt2FHbKa1Ji5mS
3MwU0eruytOBn44PUQvxsqUnYzPCQqaaxwVEfAUwtSkk/g3StMx31emVXLrj0OP8OM0ZyNU4XtVy
Z67lPzfH+yGbacXbaHx0L+QDK09aOegR3a9sftwV5mC/89PWK8EeIO/HQTljQEDTz93n2ectVnNP
AG7vDitvdoRpdgBTwRahQSAv5l4LHjBbPOdN0Qw7aclizMaslKLOhrCuLIkRVE1xkGzalxs+b7x+
etWPpgcasmhW4L2p1adzDvd9tWebbsBxHrSCKxc/7rTFXk1Bsvts7RoBEecDT/HuR2t+ZTM+J2ke
48PEZqTiFrqFFUOyXghSCgZYPbbWcqh8o8Tk4TvxZBekPtCmxsjDIMMwfnuLQcws3xh0ZVm2eaXw
hqq1cKsqcIipoAvMockblLz+rw5xUhctaWI7fouuJkLqrE9T3JoAYnty6xYXNI4bUBaboSlHVEuJ
o1GMr3V8WdVQ1wKN/7LjLqlzpXbGIgt0cgesC42ErxFIijf2nvHmp+Jfu9J3ewo4alp2fGAQyplS
VEeQBzlt9C8+zaD60v45mURXenMtUFWOVWXtkL9egdPt4vaUNqbiwgMmewA8++FDPqWM/C+TPUDO
jGP8cBCPRB/MPcQnioFBzdGr7Siibvw8im9tL1Bgu4xbnK6/R7d1YjPiDxW3HXIDUcneRcPCZ2Vx
AFs505V3fh0dJ7bA1tpOnMjEHUb/Vxi7u//j9TMyJYcg36jEpNRQPrJZGh264RhWU9RCzn6Ny2MS
lrVm0Gq291F/EDqwpJir8I28+XZT+OTh1yyOh2mVJnmex0VvrT5wZm3YqPkruFZRa3NZzkAbdpaq
ztRltulyEPsbybiCf0FgDPHk6LaXj1Vv567CWp0wmegogL4WWrGyao74wlPOrKivLztaYra0Eh9j
k4CLYEabd0RnQme9mvwhhB9Yhz1K3C9JxC0NrdVD9T/Krue3bSsJe0sYaI8RGmCv1hJq98ZGEOAc
Q7B09xaEEEAdQ7BPm7sht7dFtQQer21ZPP63/b5vHmXZsWTHdhI7p8HMvG9+fTNWfc8HgDKHrW7O
y/FZ5vnHpXXXJhtaklx1woYVIRSS9ddDbY0tBepDA/wpQmzykJ7xwPunnMaqQqMHzxsCRCPMQqmT
0q/a9o9KqYMIy1oVM64kJ8Kd9bNovlCrEwhV9QF4Gl5OZrnfysi4HmW4JRUV9hQZqBt+j3wrJTw0
KMN+jEkp4T2pVtbX4riO2Mm8b6VYqBIWqQOrH4jmz+1Tn/v4ENfD4kh6boLZ2IKVT6lsa/Gummil
xl2x8IMibF3FJg0fIF2/2zAiAhsCdDZ+ETIcA+yrmGHlV/T0Rh1KSthMCC8k3Vu5qrpwvYoBcckk
i9lfxfB8zZxUxQWA1Fz+AUBkn/19dFjyM1LQ5SvOflHgT+M6ZVt6gPAsEqPmZfkvm5eznparG8nu
WizvVW2OxSYz+5PeMF7Fvn/Z43uck/GKwjdX3yr8pGoWMfKo9iJ4mde75mcd+iKArjW+WFfyexWH
U2WIrI+DYHMqSue7vvcn16qfPUeU/RBbD/M4v19oEoYaer6gBYv59zoifID4tSCrmpQmJ/coCvHP
HpglL8NHvzEexBNHRk6OY6fTcTqI8WZ+tJqiPiBgi+OdNm/Lwn2qRA22iwpapWMib8Ny5TYsypZ8
jjQltOS9aczX44tazE9JyksYb4BXV6kGhikS0wbgnpdpkyJYl8V/OSWPV3yWAoWKHCgKImyoGGfo
VavOcnoVGPgz+NA9W0k/xrMs6krf/MB3KB6glfRz+PxCr7D9fhrRXSvzW1UxfwcykPqglEHzHXIM
agG8txTCh4NvZc9wkh52TezoM//30vYaDB44RWECQaW9tlVpdQB1OCcxr4oG5Dv04mOwpmZgrAQO
G/6nPx4XJCeOUySfPwfdMdYa/hLZRGrDctiQCTIT+CKv4pbaclrkweOj9ZY2mYZQq2WtiiI+w26j
GTX+9PgMJ064nSW3ZNl0qI0LH1+L7zArBPOqKdLBFp4sTa6sh7u61Fi6VpGoviRDspBdCSDsGCyP
Z2A8M7hLTmSrOv2ia6rxCPTXM7o5s2WW0eWwjHzzuG0rXnAcIVrH29yqlq/rIdKSnQmFv4Lvv6xK
TJIDTOhonPZGKeHmT/lY/i7YUkNWRZeKAbGK5SrHK96EIlLRjzRT6YkLlKu3rzMF4akHqouX5vV2
iF13fCINPolnTaokfr+ytcPIxBCdpjav36/XVvB0ak8yV1alH4YvSJrvn+HFZL0ks/tQuuNzmSR2
9YjrA+/tyIoNUux4AYdie0MIvDzOD9eDxUQgGNEK/9MLTPkeHzyvp8YY2fFe7PQ7WpaZbrXF6yF2
C23aQ1mJcLS8rGLywHm5KIq0IWP09comdDXbkR07EJ2/Zt5AkQLdq397LuAkT1YZ92l+vJGodQE7
qUoXt+sOSRVJ+nKsalmvjMtZy3hxVr62ukKd+FpFhh9C2EC283jw5PFH+npy8dv8faZf9zT97inb
/shW8XYp7fjXO0giKpQh/HV1KHsIqF13XVsL0A/1OoIDAMyHcHZR8ulVWBrwLSuK/13Ybw7LTFkX
xoRfRnxfLhdtUf7EpM92d8Ta0gysUokvLRG4IFHPh6jYQ4zvw4sXX6Pv2WGomaUzf2RyLF02ucze
Tyd85FDJW86CSwcYE9or84usB0abVa2Eq+6n4tULIQCq4ag1krwgwZlE+2Y+NUW+t5tHPIqxvFjG
S//GPP9QOra2Ws6g4FaXRsVQ40jjAUmjagx4Gny96amsrh8QfOr+uWZ88lBaRqoP92lWPt/b/RC7
L24HKEi/uPzWwYKLlv3vMlcRtr6MHcluvzFP99SSVMUirO+CNBaG0A9fVL7KiL/n0+6hmln/rnRK
a5VcZodNyPe/O5TUTb5onUvdwt3uLQkkjxNhiO60WsGtuA7SdZaU1tc04qZGxjzI5acL64/zm+Tx
iSsF6dnULlXZwxLs035aoUvEZVv9peZkW9y4soF3uSJ3+2raiTRc2LNwZTOLJlRSivdHnAioX8cX
xsSjYcYs7hWlGguQg94iv/rPkMXzVfWfC0pE47U0o4PCXNtuO91TWNWxR8OBmF+zAGNXxFqTSBxg
x37s6xC+oAFBdc3uN7jVdeDmGopEjivaNG2s2aZUvkP2fNkAABnDSURBVIRkjhS3W4cv57S/4yNx
2Tg+1i6tIyowW+4Qpkc/1uHiuSv/yRSe1Z+8OuzLqOvdzPNY7ZdsGRUopsuc6hHXh5oq4Vqlu93u
XMcdENSsewZBgZaQ3asTr0AdoK2aEfGhEbNnporZb9P80Cj6RS6OVi7KMgr8lsNy5c0OYrFpWrjb
1t1CLndXFMZZZhZ4jU/m8Bo7CbKGnm3mgDQeqWk44FZyjsc1/deb+363mG2p5ocUCk8S4jSkmZLW
BnFQ/UBrhfTlaM6de6fqkAX+fm2d3E5VvtdMbABEyIwja4zT4S953Ah8O5tQNBbRjbW/yV9ZcHZB
gg8HT/hmkbf0dAm0dRCT0v0suh1rQqY0S7IeBr7Boadgmx7xsGcO2I/hiZh34jUmk/Ui3UF3czSr
SJuSdQ/8u8nZwm3xGOHxDj/gKUKkLX/aOvejkcZoQGG82ls1WyLXyP42Zs8uhN4/HxLvG6aHaZj4
WbntvJcmmZrdsNmicJyXlwiGcDAI5NwOVnQ3MOPuzrOFtPITfHnr0Fh/kim8csDNE2Jlp5asvzo6
l8NJRa51dxEmc/P6hUg/beFyJ7f/DpLpNfKjvIGQ7hObftb7pq+z+LGQaGUr4iEqasgXLk79hqJH
0i3vj05EC9pgGmq6ohnx0zt4eAsV0Y4lvUouVVA2KQtm3L2OxMTOOoBdLA83G3bbQtfjA741JTZP
7xQcT6r/P58ZxdueIUtnG4ZZeUjYX7AFmFI2ilPeQlMwZLGjGbdue0elbddGtLP8RgpjAFe5s/Zh
HL0Z8yX4roOP8/sDAWy+X6U2gdLWQGOznjYtHF4i3BwPEh+u2DEiQldw9zuqb7v9tI9uRYBXn+2a
gMUxgfnWOEBp43l4P0ysX93f8WHLVvzuXMS2uYi4yF5I02fDFNIAvBh8+Abxhz5/Yx623e2ChjtU
mAVo9QHxDPHdILmAqGP/fPcoEf1uGhsWhzWQhe3xkD+mV8ioyA6SVv44zi+R1BTuJvo8ZeJfv8b0
lO+v3nRd3ykehjroHfYehuz7E/2i7PGOz+xoqUFEyXk6U2fLVp7UPdJ8ukHkaYvvyi2tmMdnCI1B
pgZ23G7/ye4fvL2ia3VDTJc9XR6WHYIf4WKnaPsPrv1+xVioU2ipkXuMXipgyBvop00bDaBoQ2ir
vAGk8lEqaG+dsHRLB4N0n7rYvVUzftP51XoTWFwP/QZpzeaRy5/5iBtrJtfMGG0cPsFqeYOvVKPN
HA4P032kl5dM//ACoDSabqe/ABB3+Hotup31IJhu1T5+BL9BVtOHoJiYnRtbCEntDWrHNtWOhYil
TXNlrb+csx3TVdrOAfsNc630hk9SAAZF3VFdkAtQ/1GUH017As1nPVODeGSmSCDC+AQT6XNl8bj9
tMMT42Ixb4pvD5HadkD4ycQGMZpBkC8xJygwApVCU6AXFPdalQYTG2WlvTydTo8sniYcQzg9Ds6O
POtVZB1xNUWTp0IEfXG0CmNDwbQIiCn9nZQ7pTMlDUePp86osp2Q9VfiZ7fmG1R646MhKVMY4fP+
s5eYPaWs2dU9p822GZg7zEjvmSsYChbgY4uigbLKhsoqbydkgCy3Agd+brd3W/W04Ff7emp7Iyyi
6IHWAj79GJ5vHH0jTuLMRviWK9t7VF6aO04IGAY5EGNhAUWlrfl7RKutRMMHpYICd79YGd3V/V5V
T2DHdECkpr7GcbQ0MDvbgPgQqUZXkXWkoxNxANyq7y0eoAod5vB8jXqIpTN/KqWnrVtAMAqFHzRv
pe02hvRB6LWpRyoLuNU/O+lJjo7lzKfl8jSmEKK6lmLplywxCgZq6KoBdir4QKbW0i187Rh8+Gf3
E7U1MIuBYyF78L36y3iFTE/H4J+bcWZfHdg99CrRHESGos87u6ulwEPacsO3KAg1dZUCrJ18a3fj
7qAputZu9ytbk95G0559U0gzQnujMN4fayt7tG+UTEcz5gcmtR3vsW0e7bgumJ0Su+YIM61QlEri
U7TsdGeRGg5W7vQqIefd3d3Ox8ZRT99Cvaq+FhOtwNRm9Bdnz8QkF1/PJrYdz3MQ4BcK2Jw82QYb
J+VM/dLGsUgsWViUza4krxMu1UqwHTUl57+jn+1+6eFX3iYEsh5tOg7wK6+q7LmW1j/+JuxqWuPW
kmheegb8lmP8IF62EJpZmswm2whxxfyAgHv5xEXKLGOEbrx0wNC99IMG6d9OnXNK/eGWPe3YSXZF
3bqnTp2qul6fPIVG0WGm8zlvYVmR0ARuwDewz/h8iUFTBZWKH/5rMCyFw5KZ2N8/e4Pnm7o8FuaQ
RibQmuWceCab0k/XbotAXStGhg9q4qPfakFl3BS0tAFEQISIoYuA92TlazvEduiP6XqwU9xq/ekb
LqBdRWfMsMqYzfh/GipX87Bkmfm2e4YZ5QpNX3yhzmgKLoEYMBTYj4T4EGFIW89JB3HOyK8jQsuM
676jV8fOgBGtvUJ+h3S4geemNwFLPvvMQS0uz11zw4JqzU0s2alrUMGCOjARBuWegHqssz+sqTvl
IH6lzkzqLf6TfVE+2nxDTAEdEFG4hcZMp+l9YmOWvXDg1Ru/7jAuO/FFE3McFsRCyOzgGm4+4Ta2
wP3eHNUJ4GuyB2BFEkLY94BAsprVSM4eILGH8jAp9exOlOa7Dxe/dY9YqpWZXBqbuevPMr/GEI1v
rjG4Qh5aO8uckmRvoRUlPxAciBG9IQOM6XAlLbZS+vn8baNylfX9Vj9HJOrpQGyW887q4/y4uONW
rrKnVNHD9TVtHuahxIwIB0VKi6eA74c2oubpULwaAeySeA1j3swCzLMfZlH1jGifEGAArt30vv4H
5QgbdZlPQ7k8WdFvdnbc5w4yDLkmUFpG2doW9r9Em4bYKWPDWwm4lfBhHwV0GadnXBkccANfbc9z
4qt+CldV+HrwDeGU5arZs278rRzWrZYBDaIqWAPKQAIhBDVuCpsMUnH1Um/H1w0RrNl8ZX8+0Vfe
M7f6Yne/JTZYXpymdyP+Si9AX+c3WXlDdkWxTUvvmKQutdVaRJQZAaqIWRNZ3pO7m2E1y0TgQ3J7
Em+kneKz+mEYQiJA3OMsYZp7662C+uP6OF56QzWEb9vBabwAUEmtjo459VLGFuE98PhiT4rasbbo
RJkBWm7Z47M3xdCdBmQZMKAWs+8jl1+96g9QFP/lWXp+ULX0xzAIEb5Th2eZzE+oJiqEeoWaHvcQ
NCvMVQ/KCzJAZB53GA3amGUQtIhWE8yzbD3tlocN7g61he+N5qTx0rUs1s1RbeXzpUGrmlBrSpDl
GGpX/1KE02oLd9zAriZqdTWCy8I//QHmYJSUyoMj6cjvM4C4u8w861kR0b4ack/ZCCPAktHJ5wxn
ETh/XvVVrNsgvTSIK7cgWgOLMfiIeGp/24+fW95CRDyOkfTPfgDyp/d6BL/xpYf88AhgFq0KA0BA
ZoiIMQgibYUhZlxEg/pK7A+RhQsJlDADqo5pmsVr66eY0iMhYtxtyLCYpXfj7RaHOL0nUH4+bnFz
SPKrpCzIIkWp+ZUGE4DUQ9AbaPpiEHT1aGR0nnwYVR0BQlHv37KKNcV2t7GIMrto22WqPq0Vr68P
sUV3cZeO+9JlU/rWmt08O8C6QHOggatqlRSqEGFQj/oQpxdxfK1SDz4tYB6u0gESRncbNDlPDnF1
ocbfrTVbShrKl+y0i69FHjyGkUOChybCCVN2U9pKydDOj1Ju26ealUXbdg5YMJJA/51ZkJQGajy4
g3/GdzrUV/IVTlHD+nz0EvAQ5joMeFBQ2KoYWqgUAe8tWhdwGbSHAUnQEiKwYUDUO6hazD8DRHmS
uIxb0ZrtQRpZWF65E5jOHQJkZq8vuIpleAUaWmVABkiALHks11Ch6ecCkVfRjAFVTjRtkKfw+SEP
QXOYYJodIjtklyF/HFUUBSzX+UGNz/kSp/mp5c8IFlEEvnBXxSZDSWj+KkSROwP6SOY+kGh1SoVz
XOlvYw73KDDMP7fjN8csxNbTOz27v7J5UF97raoNM713BIxvIhlN3maxCFUX8+aB/oH6YLQLSEqA
R7XTIl8L5o+f/U5yDWIdF9Kzz9a9tVrc9pnLMB88z7UwTRLP7Z2yNP4eLCWiHwaahaK1MmMQ81ZU
JysNe8uMcSAHHASiXXc0618bDBpMm920ty8Dh5d7Bvy0fZs+rEq+WrB2y1DzBH9jyFIy50vVGWgw
J8y6HuIoqAyKnW5Wa4IUCD+4+Rj513+3pH+kWvfMPsD7M5S/SD+/k2Px4Cq256jRFKoRcy5/WGBB
627pMNw/EsAeoU/JG9QPNyBR+h4Gt+zgr0fkaTDlCfFuX6MOdFrqvq4Epn/zHe41bqG2LLinFkBU
o5bWgO4ZMMv8VFSJyYZSjefD2FJ2IGy5Tel4E9MP3DxYAkephoVtu/GPN5KPmfYxPzZ5cn8UgK/5
oMYvQB4KtclLtpwql/0ilHgUPRbk6JDBLoDqQDZfHy+jfXrOH7GQVm0xsTbbzaPWS3uJvxRZfFpI
z4tzyc8YBCXJyA2CHMFuPyGM9KHxYgffAFbevd7M4T3k4flB+gdBZUYYPx3BtMS3Xunyq4tJfaOk
5ddrDsJXGFzmikXU83GGXpQkDVJvEFSRTTov6MFjROmTiEx9GlLHj84NHNBBC/86VZqPxaJ+Gd3d
KvP5Hr2/lFXXbFeAdVm1ag5sMHuBtlzBP9CXqYME9OjsCtRM1C3yzQCPpb5TYJ246zt1kBEl2J5Q
OslZ49uPCPyDkkjuC1nIgP6SSKM1EGgQjV6KClS0BoRWPUNDN7iNKHlU6g8X3vq5VQORjtqMT3Om
npaHju5WTNTrtd4PEXMoG3aCmbDBE7QEHNuc+gzJn6Uf1BUdexe9rONN1Bni71M4TY9QSlEZjrRm
YyfJSmN6c6LsNxY6ue8zaBCer/VyiZQ9C5xaSUWyxuQDC8QYOrugCSUYwopsVOHOm/jq87hDkwBh
tSMZnKRSzsTmckzE6vzMd5Kl+aGbEtCow0oK8yJqMABWcLlULc0HXL+a8Q7K0OIe9qwtBrGH06P8
AXgnOZ32IKZbHeJ2XOpf8JeOfvQHog6v4vLRxIaFRlUUFlcW42XLiYLYgLxD1SJ4DT1wnzp864S0
c2uGdAqn6QFhzs4KggtuwjwSC7LVshb42Tfefbjb36VWyiay450vxjpkLUndkdMhc0NMnQLdPhxl
WkAIAMOWHF4ccNy+jKe6/MVt/DW/iMEhrVzill1BvLJSYo8HaGo0ApBl59iRKwNDa44+VLx6aInZ
TysN+4RsffGh3kZfsX2xm27H6WV/ptjMoKUJ/b/m82ty7YYVZWDU231svNdK2SFSa6t4BSn/DSzI
rKIwyx6YrQ8R1Z2xU+IpEg9PEie4mw/yYpjlzmeqvQN8k/PVRsgiAQ/H8VEMC3mUEsZomkDWQFcV
Sj1VS0zglAjadqTvXTqP9cMhovfEokf0jxfy9mVaGqahffMvJ0GwY7mocZLDNxPRc7WjLFDn06Ya
cIoMSPWoY3hRyqV3zIP1Qat5lX006zN5/lGx+GlcrnrukBJLPVblL2lJCTGD8GYvsD2yG2YsdLDI
/1ppgsx8ZLSU7TCNZSQlRUqUrw4Qn/+IA3LIzTUk4MPu1abrYdXg35qG+ipIhY84qV8ikpyWIlE3
bW6clANuBhGB0gj0rLoVmiIlArU88wzdK7seVeeLAyKuJhwrUf584c93eD7kvqFZsWPOhmbBxIjl
ciilyDlmHzArsruqXkVQrRjB/WCZmk9HTnMeYT8Z6Ntxj2ofh/lp5IVcnohfrf7uj3AyA2F3x2kz
NhDJ3o0tt0AI8vfo7ZPg4rJzruSY0LWn1pw67Af5MuuekXHlpfVyxKOkZo8gz9elk8BIHugvo6Gq
DgBUsQT1djo2Llx7oEJjoDVQ8LbL2F4aRTEJpJm5mrdwkmxztiajeUnOm3+RdiSqhe25NUcL1OQp
0G7KW06YorjQEBnVv6rHMFKnRmuCMUDUY8kzXMQWpW8YtZ9pzaKky1UL8BpkQcrdVOH11goytIVT
ZvVhC6ocvP1VKesQSGtkZ5Q5iHn5SiG/kHx+IiNCXH5SMhzHl7NDPMxoYG76g7Z3cq6z8n0hTKho
G9IQtQqZuQXzkuhZlLFmzCOcoia1Zgk3eRMqvfl52MMaSIDSvl8QX7fT06uVrJVvH5pZmnoFS85z
b5Pn6urYv41nGTO1qoJzbYUlHOik4Z9gDy1h3sK9T0hGaCIuOUreAso/kwVuP6nWZxG7VE5jL+Uq
91c6SAELlhUZXtQCsgY2pTnbg+a0pWX8z2JIIzWduFYQjWHVs3wPwQM5F0WqxYQ96fuiEMOyk/31
xX+DGAbtSk7R+EarnWwgAYTgEIFays0DasOiY2M6SXKjgJsWQ/3ImjdChS3rVko3TzOXX50tznDJ
70q/o8t/TYNGhDENDHNIH9Ae0HyiAKIiN201FcXBFeQacC63atG8H6oLaRMZ84417O3Z+fmvLMev
OARAVH9yPxN6m7koK/gUoF0CnFxk0CMxdpwWcSGkCL0KxQTuoPST/BouxdejBOZJJcb0NNc+pzYd
F8VWH76UM4GQEsiiFb3fLDNPFexkVhQE6zrw4s1TdgPxyzt0StCLpau8JV1y2urPjqXPeMiJ804R
FwjwyyqvNJWYkZiyrcl3aWBaVhFIfeiBwyEQQfpOk1q0S8Ft1sTuf41dPW/bShAUoEYpA7zCbAWC
aQWokcsnCNRfiFvicKxtEMekVBHALFU8gPy32ZnZo+TEkp6SyHF3uI+92ZnZvSuy9JOTOJIRIVGZ
MddYFOOfFjIMChVYXyjge7vsOcBTtUAmFg2hgl8G4MJy1a2NMgH7AZZqi4HGFYKPN4f1OkjuGbHp
qbF8xwX09DeDpMi1EjvJhHoeHPXMOhsn5YVyvpt3ocUpuqq1gJQHemY+/a3A9RM1K9OvgkrUIH3s
IwG+yYvJ55tXe+8dAmDDXmhE75FGu0D7RXxL9DwAO3RRBLOYLdppeBLpL7iziK8ULuDOJXXjV+IF
yy9zbcpii6O4XYnI3TtgOKy9z79liJb7YGC2jkHWFX06JhYpiGZrW+Q6R08u0s24Nf3SpuIXwFYx
XWk+c+TaqgwYl0/JtxHWpT+rhEuwDjbQiAxDvBHFQ1TzkHmznXVs5e9RusNtdfPi0bBG5tJnnMKT
/SVdSRi4mQuFVUOKYsjlisNh0gp+DUorpIF9VQkxw1JwrGVN1BBjOHKADBXQp8E5tHmibu0t7if7
egLMYrJ/nq6j/FyorIfBd6ws5xJC28HlA6aybtY0CAP9IRNrZxtuDdhQa1wGZkI/r9/92aKGIcg1
5R1/WcSl7hy9Vm5fO7yGJXYy7qvsHeNJDDCIwBhcNxXHcazftLc6GdCRRWMRGePbz27oq9mCMRfn
sMD+KoSZPxYCWiTd8h1b21s7KsB8X6aMfFTJkB9cubQ5NKBMsXQHr2ngfqIsQLuDjeqoNPHB53UQ
y4zwMA0vJw3rsoibXJq8VZLxbHv7H3RLJNVWl5XtKst3UGgRm4ZAXpUytnpIKiQBc35InUofuL+C
4t0gkCk/dDx/nj5m1WoSQGSz3a3L3CkKP+rStTmJYVCdElwPLf5XZ8EC9zK1sL6tJdN57pPuDIvO
O/q2zsL0Hk43OcIvWP6r55tX6JW9/hcsaSAureAdQxbm5G2oKuWqdhUebLPTB9gykupOTB4c4t3Z
YjAtztPskSoGNxxgU23yQqKEG8Vzz3uBeNtgXysyRzAo4gEc+EPiYdbK5aWOoa9zxQU3eozpSuPp
bg2rwyRRrFN8L4DlTzqJwn/LjZrUYIhbO4nsEVqiH25Fgz5r6ixbReUfthStZEmuV/vTdMQOuA47
11j7/tHWsgBBW4Yg/OQMCQLE0rGW1+ET29h5fKaXhuun/s9laQALGgp3OhxsTA3txwHKHHBD4vgo
o/CevsTRm6N7pQViJJof3082cUzIhj8QBEIWq93VTuGAxxoaGnxCo+KBEjzIgVV0wTWBVuQRtZ30
Tbe0j0nmqNsZ2U8bxYtzSE8eUs/Sqr36fuEzxQYBy9WeAjkni9VqBMrQncrgTKlcGG17YHZBW7BY
iP4iH7YP4vxrprUA4UlUjjMv70sIXIoRcb52pLTYrQ1WqBoby/Iwu6j32EylOO/o8QG7ve4N6aRZ
mZ5vw3T/JI4D8+lRu8pOJSL9OHOmrl7geV38tuMdGKQC13u4JkNFbYd+toT4ZZOifD/FTvQf5Qqs
YqsjmB5HeTognKUcTk/vEwmlHB/Ud4IHkT0BVmoNaqEe8B3KYeb/kLta8hNByGP1PEpgXHU68v5J
bl3+TObp/+K3xumr39P/GdwaT6eZABfU8u40CzzruQOVy16JPInlQf7zJsLEIiAjmQc5RSvbeRdU
A5KQUD+cKNcLhB1GRw5MNcA0e0cttC3YMD7gsVEMi28elmr+Z9kXrbgAMx7k4VZJlKIpOdVvMAdL
vU8XrSK16W7o+jG8DGNGM4RcANDn09Xlg8QVAWKLBd016kto09SwebCBCaZg8kNFQoiOGnCK32qH
fjH7RPoPNozbnw7Gffw7ZwCIsH+aLjkPMjG2w2D7idVaff7hebCtD6RaretqD1IkyfAQwYlc0h6G
+N4TC4aux0EeoPm9GD2rBpAohuFpJN5SDobn03EIMWe25b9kRjIguuOGDnA8kLPl8YNOzmsnZEcU
A2cHWQxh/g579DFuDT4g+5z8F5iHN34W8dw82Af0DVksdv4UY8g8TQVrAYbThCM2e3OgJialtWr7
I2crOXnU9v/v88PZ+ILTVSgLMqD6G6wnm9o7F49KAAAAAElFTkSuQmCC
', 'base64'));
-- vinyl table population
insert into vinyl (id, description, in_stock, name, price, record_label, format_id, photo_high_res_id, photo_low_res_id) values (1, 'Nulla nisl. Nunc nisl. Duis bibendum, felis sed interdum venenatis, turpis enim blandit mi, in porttitor pede justo eu massa.', true, 'Subin', 19.27, 'Fahey-Pfannerstill', 6, 1, 0);
insert into vinyl (id, description, in_stock, name, price, record_label, format_id, photo_high_res_id, photo_low_res_id) values (2, 'Quisque ut erat. Curabitur gravida nisi at nibh. In hac habitasse platea dictumst. Aliquam augue quam, sollicitudin vitae, consectetuer eget, rutrum at, lorem. Integer tincidunt ante vel ipsum. Praesent blandit lacinia erat. Vestibulum sed magna at nunc commodo placerat. Praesent blandit.', true, 'Domainer', 10.86, 'Cartwright, Treutel and Grant', 10, 1, 0);
insert into vinyl (id, description, in_stock, name, price, record_label, format_id, photo_high_res_id, photo_low_res_id) values (3, 'Morbi non lectus. Aliquam sit amet diam in magna bibendum imperdiet. Nullam orci pede, venenatis non, sodales sed, tincidunt eu, felis. Fusce posuere felis sed lacus. Morbi sem mauris, laoreet ut, rhoncus aliquet, pulvinar sed, nisl. Nunc rhoncus dui vel sem. Sed sagittis. Nam congue, risus semper porta volutpat, quam pede lobortis ligula, sit amet eleifend pede libero quis orci.', false, 'Sonair', 11.79, 'Bailey, Romaguera and Monahan', 9, 1, 0);
insert into vinyl (id, description, in_stock, name, price, record_label, format_id, photo_high_res_id, photo_low_res_id) values (4, 'Maecenas tristique, est et tempus semper, est quam pharetra magna, ac consequat metus sapien ut nunc. Vestibulum ante ipsum primis in faucibus orci luctus et ultrices posuere cubilia Curae; Mauris viverra diam vitae quam. Suspendisse potenti. Nullam porttitor lacus at turpis. Donec posuere metus vitae ipsum. Aliquam non mauris. Morbi non lectus. Aliquam sit amet diam in magna bibendum imperdiet.', false, 'Fixflex', 16.72, 'Carroll-Feeney', 3, 1, 0);
insert into vinyl (id, description, in_stock, name, price, record_label, format_id, photo_high_res_id, photo_low_res_id) values (5, 'Nulla nisl. Nunc nisl.', true, 'Zaam-Dox', 10.25, 'Zulauf-Cruickshank', 2, 1, 0);
insert into vinyl (id, description, in_stock, name, price, record_label, format_id, photo_high_res_id, photo_low_res_id) values (6, 'Maecenas tristique, est et tempus semper, est quam pharetra magna, ac consequat metus sapien ut nunc.', false, 'Zathin', 16.14, 'Beatty-Spencer', 2, 1, 0);
insert into vinyl (id, description, in_stock, name, price, record_label, format_id, photo_high_res_id, photo_low_res_id) values (7, 'Morbi vel lectus in quam fringilla rhoncus. Mauris enim leo, rhoncus sed, vestibulum sit amet, cursus id, turpis. Integer aliquet, massa id lobortis convallis, tortor risus dapibus augue, vel accumsan tellus nisi eu orci.', false, 'Y-find', 10.05, 'Kovacek, Hand and Hodkiewicz', 8, 1, 0);
insert into vinyl (id, description, in_stock, name, price, record_label, format_id, photo_high_res_id, photo_low_res_id) values (8, 'Donec vitae nisi. Nam ultrices, libero non mattis pulvinar, nulla pede ullamcorper augue, a suscipit nulla elit ac nulla. Sed vel enim sit amet nunc viverra dapibus. Nulla suscipit ligula in lacus. Curabitur at ipsum ac tellus semper interdum. Mauris ullamcorper purus sit amet nulla. Quisque arcu libero, rutrum ac, lobortis vel, dapibus at, diam. Nam tristique tortor eu pede.', true, 'Veribet', 16.11, 'Schuster-O''Reilly', 2, 1, 0);
insert into vinyl (id, description, in_stock, name, price, record_label, format_id, photo_high_res_id, photo_low_res_id) values (9, 'Mauris enim leo, rhoncus sed, vestibulum sit amet, cursus id, turpis. Integer aliquet, massa id lobortis convallis, tortor risus dapibus augue, vel accumsan tellus nisi eu orci. Mauris lacinia sapien quis libero. Nullam sit amet turpis elementum ligula vehicula consequat. Morbi a ipsum. Integer a nibh.', false, 'Temp', 10.97, 'Willms, Toy and Ziemann', 3, 1, 0);
insert into vinyl (id, description, in_stock, name, price, record_label, format_id, photo_high_res_id, photo_low_res_id) values (10, 'Aenean auctor gravida sem. Praesent id massa id nisl venenatis lacinia.', false, 'Zathin', 12.31, 'Fadel LLC', 7, 1, 0);
insert into vinyl (id, description, in_stock, name, price, record_label, format_id, photo_high_res_id, photo_low_res_id) values (11, 'Morbi odio odio, elementum eu, interdum eu, tincidunt in, leo. Maecenas pulvinar lobortis est. Phasellus sit amet erat. Nulla tempus.', false, 'Cardify', 13.7, 'Renner Group', 1, 1, 0);
insert into vinyl (id, description, in_stock, name, price, record_label, format_id, photo_high_res_id, photo_low_res_id) values (12, 'Nullam porttitor lacus at turpis. Donec posuere metus vitae ipsum. Aliquam non mauris. Morbi non lectus. Aliquam sit amet diam in magna bibendum imperdiet. Nullam orci pede, venenatis non, sodales sed, tincidunt eu, felis. Fusce posuere felis sed lacus.', false, 'Span', 14.65, 'Sporer, Bradtke and Abshire', 9, 1, 0);
insert into vinyl (id, description, in_stock, name, price, record_label, format_id, photo_high_res_id, photo_low_res_id) values (13, 'Suspendisse accumsan tortor quis turpis. Sed ante. Vivamus tortor. Duis mattis egestas metus. Aenean fermentum. Donec ut mauris eget massa tempor convallis. Nulla neque libero, convallis eget, eleifend luctus, ultricies eu, nibh. Quisque id justo sit amet sapien dignissim vestibulum.', true, 'Subin', 13.89, 'Tillman-Sawayn', 10, 1, 0);
insert into vinyl (id, description, in_stock, name, price, record_label, format_id, photo_high_res_id, photo_low_res_id) values (14, 'Duis consequat dui nec nisi volutpat eleifend. Donec ut dolor. Morbi vel lectus in quam fringilla rhoncus. Mauris enim leo, rhoncus sed, vestibulum sit amet, cursus id, turpis.', false, 'Konklux', 18.86, 'Fisher-Graham', 8, 1, 0);
insert into vinyl (id, description, in_stock, name, price, record_label, format_id, photo_high_res_id, photo_low_res_id) values (15, 'Nulla justo. Aliquam quis turpis eget elit sodales scelerisque. Mauris sit amet eros. Suspendisse accumsan tortor quis turpis. Sed ante. Vivamus tortor. Duis mattis egestas metus. Aenean fermentum. Donec ut mauris eget massa tempor convallis. Nulla neque libero, convallis eget, eleifend luctus, ultricies eu, nibh.', true, 'Job', 17.96, 'Kessler-Schimmel', 5, 1, 0);
insert into vinyl (id, description, in_stock, name, price, record_label, format_id, photo_high_res_id, photo_low_res_id) values (16, 'Nam dui. Proin leo odio, porttitor id, consequat in, consequat ut, nulla. Sed accumsan felis.', false, 'Namfix', 13.76, 'Yundt and Sons', 9, 1, 0);
insert into vinyl (id, description, in_stock, name, price, record_label, format_id, photo_high_res_id, photo_low_res_id) values (17, 'Duis consequat dui nec nisi volutpat eleifend.', true, 'Prodder', 19.91, 'Lynch-Dooley', 7, 1, 0);
insert into vinyl (id, description, in_stock, name, price, record_label, format_id, photo_high_res_id, photo_low_res_id) values (18, 'Nam nulla. Integer pede justo, lacinia eget, tincidunt eget, tempus vel, pede. Morbi porttitor lorem id ligula.', true, 'Span', 15.21, 'Schuppe and Sons', 3, 1, 0);
insert into vinyl (id, description, in_stock, name, price, record_label, format_id, photo_high_res_id, photo_low_res_id) values (19, 'Phasellus sit amet erat. Nulla tempus. Vivamus in felis eu sapien cursus vestibulum. Proin eu mi. Nulla ac enim. In tempor, turpis nec euismod scelerisque, quam turpis adipiscing lorem, vitae mattis nibh ligula nec sem. Duis aliquam convallis nunc. Proin at turpis a pede posuere nonummy. Integer non velit.', false, 'Fix San', 11.29, 'Kutch-Swift', 9, 1, 0);
insert into vinyl (id, description, in_stock, name, price, record_label, format_id, photo_high_res_id, photo_low_res_id) values (20, 'Vestibulum rutrum rutrum neque. Aenean auctor gravida sem. Praesent id massa id nisl venenatis lacinia. Aenean sit amet justo. Morbi ut odio. Cras mi pede, malesuada in, imperdiet et, commodo vulputate, justo. In blandit ultrices enim. Lorem ipsum dolor sit amet, consectetuer adipiscing elit. Proin interdum mauris non ligula pellentesque ultrices.', true, 'Fintone', 19.66, 'Roob Inc', 2, 1, 0);
insert into vinyl (id, description, in_stock, name, price, record_label, format_id, photo_high_res_id, photo_low_res_id) values (21, 'Praesent blandit lacinia erat. Vestibulum sed magna at nunc commodo placerat. Praesent blandit. Nam nulla. Integer pede justo, lacinia eget, tincidunt eget, tempus vel, pede.', true, 'Solarbreeze', 18.23, 'Murphy Group', 3, 1, 0);
insert into vinyl (id, description, in_stock, name, price, record_label, format_id, photo_high_res_id, photo_low_res_id) values (22, 'Nam congue, risus semper porta volutpat, quam pede lobortis ligula, sit amet eleifend pede libero quis orci. Nullam molestie nibh in lectus. Pellentesque at nulla. Suspendisse potenti. Cras in purus eu magna vulputate luctus. Cum sociis natoque penatibus et magnis dis parturient montes, nascetur ridiculus mus. Vivamus vestibulum sagittis sapien. Cum sociis natoque penatibus et magnis dis parturient montes, nascetur ridiculus mus.', false, 'Keylex', 13.16, 'Kozey, Mueller and Gutkowski', 6, 1, 0);
insert into vinyl (id, description, in_stock, name, price, record_label, format_id, photo_high_res_id, photo_low_res_id) values (23, 'In sagittis dui vel nisl. Duis ac nibh. Fusce lacus purus, aliquet at, feugiat non, pretium quis, lectus. Suspendisse potenti. In eleifend quam a odio. In hac habitasse platea dictumst.', false, 'Lotlux', 17.17, 'Reinger-Hane', 4, 1, 0);
insert into vinyl (id, description, in_stock, name, price, record_label, format_id, photo_high_res_id, photo_low_res_id) values (24, 'Morbi quis tortor id nulla ultrices aliquet. Maecenas leo odio, condimentum id, luctus nec, molestie sed, justo. Pellentesque viverra pede ac diam. Cras pellentesque volutpat dui. Maecenas tristique, est et tempus semper, est quam pharetra magna, ac consequat metus sapien ut nunc. Vestibulum ante ipsum primis in faucibus orci luctus et ultrices posuere cubilia Curae; Mauris viverra diam vitae quam. Suspendisse potenti. Nullam porttitor lacus at turpis. Donec posuere metus vitae ipsum.', false, 'Bigtax', 14.2, 'Raynor, Funk and Hyatt', 7, 1, 0);
insert into vinyl (id, description, in_stock, name, price, record_label, format_id, photo_high_res_id, photo_low_res_id) values (25, 'Fusce congue, diam id ornare imperdiet, sapien urna pretium nisl, ut volutpat sapien arcu sed augue. Aliquam erat volutpat. In congue. Etiam justo. Etiam pretium iaculis justo. In hac habitasse platea dictumst. Etiam faucibus cursus urna. Ut tellus. Nulla ut erat id mauris vulputate elementum. Nullam varius.', true, 'Vagram', 14.41, 'Bogan, Legros and Stiedemann', 2, 1, 0);
insert into vinyl (id, description, in_stock, name, price, record_label, format_id, photo_high_res_id, photo_low_res_id) values (26, 'Maecenas pulvinar lobortis est. Phasellus sit amet erat. Nulla tempus. Vivamus in felis eu sapien cursus vestibulum. Proin eu mi. Nulla ac enim. In tempor, turpis nec euismod scelerisque, quam turpis adipiscing lorem, vitae mattis nibh ligula nec sem. Duis aliquam convallis nunc. Proin at turpis a pede posuere nonummy.', true, 'Rank', 10.76, 'Ankunding-Crona', 9, 1, 0);
insert into vinyl (id, description, in_stock, name, price, record_label, format_id, photo_high_res_id, photo_low_res_id) values (27, 'Donec diam neque, vestibulum eget, vulputate ut, ultrices vel, augue. Vestibulum ante ipsum primis in faucibus orci luctus et ultrices posuere cubilia Curae; Donec pharetra, magna vestibulum aliquet ultrices, erat tortor sollicitudin mi, sit amet lobortis sapien sapien non mi. Integer ac neque. Duis bibendum. Morbi non quam nec dui luctus rutrum.', true, 'Vagram', 19.87, 'Bayer, Bartoletti and Ferry', 1, 1, 0);
insert into vinyl (id, description, in_stock, name, price, record_label, format_id, photo_high_res_id, photo_low_res_id) values (28, 'Etiam faucibus cursus urna. Ut tellus.', false, 'Bitwolf', 15.94, 'Raynor and Sons', 5, 1, 0);
insert into vinyl (id, description, in_stock, name, price, record_label, format_id, photo_high_res_id, photo_low_res_id) values (29, 'Fusce posuere felis sed lacus. Morbi sem mauris, laoreet ut, rhoncus aliquet, pulvinar sed, nisl. Nunc rhoncus dui vel sem. Sed sagittis. Nam congue, risus semper porta volutpat, quam pede lobortis ligula, sit amet eleifend pede libero quis orci. Nullam molestie nibh in lectus. Pellentesque at nulla. Suspendisse potenti. Cras in purus eu magna vulputate luctus. Cum sociis natoque penatibus et magnis dis parturient montes, nascetur ridiculus mus.', false, 'Namfix', 15.44, 'Schmidt-Wiegand', 4, 1, 0);
insert into vinyl (id, description, in_stock, name, price, record_label, format_id, photo_high_res_id, photo_low_res_id) values (30, 'Pellentesque viverra pede ac diam. Cras pellentesque volutpat dui. Maecenas tristique, est et tempus semper, est quam pharetra magna, ac consequat metus sapien ut nunc. Vestibulum ante ipsum primis in faucibus orci luctus et ultrices posuere cubilia Curae; Mauris viverra diam vitae quam.', false, 'Zamit', 10.77, 'Schamberger, Nolan and Koch', 9, 1, 0);
insert into vinyl (id, description, in_stock, name, price, record_label, format_id, photo_high_res_id, photo_low_res_id) values (31, 'Curabitur gravida nisi at nibh. In hac habitasse platea dictumst. Aliquam augue quam, sollicitudin vitae, consectetuer eget, rutrum at, lorem. Integer tincidunt ante vel ipsum. Praesent blandit lacinia erat. Vestibulum sed magna at nunc commodo placerat. Praesent blandit. Nam nulla. Integer pede justo, lacinia eget, tincidunt eget, tempus vel, pede.', false, 'Tampflex', 17.2, 'Kuvalis LLC', 4, 1, 0);
insert into vinyl (id, description, in_stock, name, price, record_label, format_id, photo_high_res_id, photo_low_res_id) values (32, 'Nullam porttitor lacus at turpis. Donec posuere metus vitae ipsum. Aliquam non mauris.', false, 'Daltfresh', 12.62, 'Hagenes Inc', 6, 1, 0);
insert into vinyl (id, description, in_stock, name, price, record_label, format_id, photo_high_res_id, photo_low_res_id) values (33, 'Aliquam quis turpis eget elit sodales scelerisque. Mauris sit amet eros.', false, 'Voltsillam', 17.45, 'Klocko and Sons', 9, 1, 0);
insert into vinyl (id, description, in_stock, name, price, record_label, format_id, photo_high_res_id, photo_low_res_id) values (34, 'Integer pede justo, lacinia eget, tincidunt eget, tempus vel, pede. Morbi porttitor lorem id ligula. Suspendisse ornare consequat lectus. In est risus, auctor sed, tristique in, tempus sit amet, sem. Fusce consequat. Nulla nisl. Nunc nisl.', false, 'Subin', 17.91, 'O''Kon-Will', 7, 1, 0);
insert into vinyl (id, description, in_stock, name, price, record_label, format_id, photo_high_res_id, photo_low_res_id) values (35, 'Morbi non lectus. Aliquam sit amet diam in magna bibendum imperdiet. Nullam orci pede, venenatis non, sodales sed, tincidunt eu, felis. Fusce posuere felis sed lacus. Morbi sem mauris, laoreet ut, rhoncus aliquet, pulvinar sed, nisl. Nunc rhoncus dui vel sem. Sed sagittis.', false, 'Holdlamis', 10.73, 'Marvin-Luettgen', 5, 1, 0);
insert into vinyl (id, description, in_stock, name, price, record_label, format_id, photo_high_res_id, photo_low_res_id) values (36, 'Fusce lacus purus, aliquet at, feugiat non, pretium quis, lectus. Suspendisse potenti. In eleifend quam a odio. In hac habitasse platea dictumst. Maecenas ut massa quis augue luctus tincidunt. Nulla mollis molestie lorem. Quisque ut erat. Curabitur gravida nisi at nibh.', true, 'Vagram', 13.57, 'Gerlach Group', 4, 1, 0);
insert into vinyl (id, description, in_stock, name, price, record_label, format_id, photo_high_res_id, photo_low_res_id) values (37, 'Vivamus vestibulum sagittis sapien. Cum sociis natoque penatibus et magnis dis parturient montes, nascetur ridiculus mus. Etiam vel augue. Vestibulum rutrum rutrum neque. Aenean auctor gravida sem. Praesent id massa id nisl venenatis lacinia. Aenean sit amet justo. Morbi ut odio.', true, 'Viva', 16.49, 'Wilkinson, Runolfsson and Conroy', 5, 1, 0);
insert into vinyl (id, description, in_stock, name, price, record_label, format_id, photo_high_res_id, photo_low_res_id) values (38, 'Curabitur gravida nisi at nibh. In hac habitasse platea dictumst. Aliquam augue quam, sollicitudin vitae, consectetuer eget, rutrum at, lorem.', true, 'Trippledex', 15.45, 'Spencer and Sons', 3, 1, 0);
insert into vinyl (id, description, in_stock, name, price, record_label, format_id, photo_high_res_id, photo_low_res_id) values (39, 'Integer a nibh. In quis justo.', false, 'Voyatouch', 12.52, 'Parker, Bergstrom and Parker', 2, 1, 0);
insert into vinyl (id, description, in_stock, name, price, record_label, format_id, photo_high_res_id, photo_low_res_id) values (40, 'Phasellus in felis. Donec semper sapien a libero.', false, 'Opela', 18.79, 'Carter, Shields and Douglas', 10, 1, 0);
insert into vinyl (id, description, in_stock, name, price, record_label, format_id, photo_high_res_id, photo_low_res_id) values (41, 'Morbi odio odio, elementum eu, interdum eu, tincidunt in, leo.', true, 'Quo Lux', 15.18, 'Nikolaus Group', 8, 1, 0);
insert into vinyl (id, description, in_stock, name, price, record_label, format_id, photo_high_res_id, photo_low_res_id) values (42, 'Aenean fermentum.', true, 'Flowdesk', 13.71, 'Little-Brekke', 4, 1, 0);
insert into vinyl (id, description, in_stock, name, price, record_label, format_id, photo_high_res_id, photo_low_res_id) values (43, 'Proin eu mi. Nulla ac enim. In tempor, turpis nec euismod scelerisque, quam turpis adipiscing lorem, vitae mattis nibh ligula nec sem. Duis aliquam convallis nunc. Proin at turpis a pede posuere nonummy. Integer non velit. Donec diam neque, vestibulum eget, vulputate ut, ultrices vel, augue. Vestibulum ante ipsum primis in faucibus orci luctus et ultrices posuere cubilia Curae; Donec pharetra, magna vestibulum aliquet ultrices, erat tortor sollicitudin mi, sit amet lobortis sapien sapien non mi. Integer ac neque. Duis bibendum.', false, 'Regrant', 16.69, 'Cummings-Brakus', 10, 1, 0);
insert into vinyl (id, description, in_stock, name, price, record_label, format_id, photo_high_res_id, photo_low_res_id) values (44, 'Sed ante. Vivamus tortor. Duis mattis egestas metus. Aenean fermentum. Donec ut mauris eget massa tempor convallis. Nulla neque libero, convallis eget, eleifend luctus, ultricies eu, nibh.', true, 'Holdlamis', 13.23, 'Frami LLC', 6, 1, 0);
insert into vinyl (id, description, in_stock, name, price, record_label, format_id, photo_high_res_id, photo_low_res_id) values (45, 'In blandit ultrices enim. Lorem ipsum dolor sit amet, consectetuer adipiscing elit.', false, 'Overhold', 11.84, 'Wyman, Ledner and Gutmann', 9, 1, 0);
insert into vinyl (id, description, in_stock, name, price, record_label, format_id, photo_high_res_id, photo_low_res_id) values (46, 'Proin eu mi. Nulla ac enim. In tempor, turpis nec euismod scelerisque, quam turpis adipiscing lorem, vitae mattis nibh ligula nec sem. Duis aliquam convallis nunc. Proin at turpis a pede posuere nonummy.', true, 'Domainer', 18.65, 'Schiller, Schmidt and Bradtke', 7, 1, 0);
insert into vinyl (id, description, in_stock, name, price, record_label, format_id, photo_high_res_id, photo_low_res_id) values (47, 'Cras mi pede, malesuada in, imperdiet et, commodo vulputate, justo. In blandit ultrices enim. Lorem ipsum dolor sit amet, consectetuer adipiscing elit. Proin interdum mauris non ligula pellentesque ultrices. Phasellus id sapien in sapien iaculis congue. Vivamus metus arcu, adipiscing molestie, hendrerit at, vulputate vitae, nisl. Aenean lectus. Pellentesque eget nunc. Donec quis orci eget orci vehicula condimentum. Curabitur in libero ut massa volutpat convallis.', false, 'Bitwolf', 12.36, 'Brekke Group', 6, 1, 0);
insert into vinyl (id, description, in_stock, name, price, record_label, format_id, photo_high_res_id, photo_low_res_id) values (48, 'Cum sociis natoque penatibus et magnis dis parturient montes, nascetur ridiculus mus. Etiam vel augue. Vestibulum rutrum rutrum neque. Aenean auctor gravida sem. Praesent id massa id nisl venenatis lacinia. Aenean sit amet justo. Morbi ut odio. Cras mi pede, malesuada in, imperdiet et, commodo vulputate, justo. In blandit ultrices enim.', true, 'Sonair', 16.51, 'Walsh, Lowe and Zieme', 4, 1, 0);
insert into vinyl (id, description, in_stock, name, price, record_label, format_id, photo_high_res_id, photo_low_res_id) values (49, 'Donec ut mauris eget massa tempor convallis. Nulla neque libero, convallis eget, eleifend luctus, ultricies eu, nibh. Quisque id justo sit amet sapien dignissim vestibulum. Vestibulum ante ipsum primis in faucibus orci luctus et ultrices posuere cubilia Curae; Nulla dapibus dolor vel est. Donec odio justo, sollicitudin ut, suscipit a, feugiat et, eros. Vestibulum ac est lacinia nisi venenatis tristique. Fusce congue, diam id ornare imperdiet, sapien urna pretium nisl, ut volutpat sapien arcu sed augue. Aliquam erat volutpat. In congue.', false, 'Sub-Ex', 10.54, 'Maggio, Corkery and Ruecker', 1, 1, 0);
insert into vinyl (id, description, in_stock, name, price, record_label, format_id, photo_high_res_id, photo_low_res_id) values (50, 'Integer pede justo, lacinia eget, tincidunt eget, tempus vel, pede. Morbi porttitor lorem id ligula. Suspendisse ornare consequat lectus. In est risus, auctor sed, tristique in, tempus sit amet, sem. Fusce consequat. Nulla nisl.', true, 'Fixflex', 14.61, 'Little-Harber', 4, 1, 0);
insert into vinyl (id, description, in_stock, name, price, record_label, format_id, photo_high_res_id, photo_low_res_id) values (51, 'In blandit ultrices enim. Lorem ipsum dolor sit amet, consectetuer adipiscing elit. Proin interdum mauris non ligula pellentesque ultrices. Phasellus id sapien in sapien iaculis congue. Vivamus metus arcu, adipiscing molestie, hendrerit at, vulputate vitae, nisl. Aenean lectus.', false, 'Zamit', 19.9, 'Kovacek-Daugherty', 8, 1, 0);
insert into vinyl (id, description, in_stock, name, price, record_label, format_id, photo_high_res_id, photo_low_res_id) values (52, 'Sed accumsan felis. Ut at dolor quis odio consequat varius. Integer ac leo.', false, 'Trippledex', 11.55, 'Hilpert and Sons', 5, 1, 0);
insert into vinyl (id, description, in_stock, name, price, record_label, format_id, photo_high_res_id, photo_low_res_id) values (53, 'Vestibulum quam sapien, varius ut, blandit non, interdum in, ante. Vestibulum ante ipsum primis in faucibus orci luctus et ultrices posuere cubilia Curae; Duis faucibus accumsan odio. Curabitur convallis. Duis consequat dui nec nisi volutpat eleifend. Donec ut dolor.', false, 'Matsoft', 19.79, 'McLaughlin-Hoppe', 6, 1, 0);
insert into vinyl (id, description, in_stock, name, price, record_label, format_id, photo_high_res_id, photo_low_res_id) values (54, 'Vestibulum ac est lacinia nisi venenatis tristique. Fusce congue, diam id ornare imperdiet, sapien urna pretium nisl, ut volutpat sapien arcu sed augue. Aliquam erat volutpat. In congue.', false, 'Konklux', 10.28, 'Ritchie, Watsica and Marquardt', 5, 1, 0);
insert into vinyl (id, description, in_stock, name, price, record_label, format_id, photo_high_res_id, photo_low_res_id) values (55, 'Morbi porttitor lorem id ligula.', false, 'Namfix', 14.98, 'Lubowitz-Labadie', 7, 1, 0);
insert into vinyl (id, description, in_stock, name, price, record_label, format_id, photo_high_res_id, photo_low_res_id) values (56, 'Morbi porttitor lorem id ligula. Suspendisse ornare consequat lectus. In est risus, auctor sed, tristique in, tempus sit amet, sem. Fusce consequat. Nulla nisl. Nunc nisl.', true, 'Andalax', 11.58, 'Cruickshank, Davis and Lemke', 6, 1, 0);
insert into vinyl (id, description, in_stock, name, price, record_label, format_id, photo_high_res_id, photo_low_res_id) values (57, 'Lorem ipsum dolor sit amet, consectetuer adipiscing elit. Proin risus. Praesent lectus.', true, 'Zathin', 12.96, 'Lueilwitz-Parisian', 1, 1, 0);
insert into vinyl (id, description, in_stock, name, price, record_label, format_id, photo_high_res_id, photo_low_res_id) values (58, 'Donec dapibus. Duis at velit eu est congue elementum. In hac habitasse platea dictumst. Morbi vestibulum, velit id pretium iaculis, diam erat fermentum justo, nec condimentum neque sapien placerat ante. Nulla justo. Aliquam quis turpis eget elit sodales scelerisque. Mauris sit amet eros. Suspendisse accumsan tortor quis turpis. Sed ante.', false, 'Stronghold', 17.19, 'Mitchell, McGlynn and Lehner', 8, 1, 0);
insert into vinyl (id, description, in_stock, name, price, record_label, format_id, photo_high_res_id, photo_low_res_id) values (59, 'Morbi odio odio, elementum eu, interdum eu, tincidunt in, leo. Maecenas pulvinar lobortis est. Phasellus sit amet erat. Nulla tempus. Vivamus in felis eu sapien cursus vestibulum.', false, 'Zontrax', 15.49, 'Mosciski, Yost and Hand', 5, 1, 0);
insert into vinyl (id, description, in_stock, name, price, record_label, format_id, photo_high_res_id, photo_low_res_id) values (60, 'Aliquam quis turpis eget elit sodales scelerisque. Mauris sit amet eros. Suspendisse accumsan tortor quis turpis. Sed ante. Vivamus tortor.', true, 'Redhold', 18.12, 'Mraz, Moen and Jast', 10, 1, 0);
insert into vinyl (id, description, in_stock, name, price, record_label, format_id, photo_high_res_id, photo_low_res_id) values (61, 'Aliquam sit amet diam in magna bibendum imperdiet. Nullam orci pede, venenatis non, sodales sed, tincidunt eu, felis.', true, 'Fintone', 15.48, 'Heller, Dicki and Feeney', 1, 1, 0);
insert into vinyl (id, description, in_stock, name, price, record_label, format_id, photo_high_res_id, photo_low_res_id) values (62, 'Pellentesque eget nunc.', true, 'Quo Lux', 12.16, 'Schroeder and Sons', 2, 1, 0);
insert into vinyl (id, description, in_stock, name, price, record_label, format_id, photo_high_res_id, photo_low_res_id) values (63, 'Praesent blandit lacinia erat. Vestibulum sed magna at nunc commodo placerat. Praesent blandit. Nam nulla. Integer pede justo, lacinia eget, tincidunt eget, tempus vel, pede. Morbi porttitor lorem id ligula. Suspendisse ornare consequat lectus. In est risus, auctor sed, tristique in, tempus sit amet, sem. Fusce consequat.', false, 'Solarbreeze', 12.24, 'Weber Group', 7, 1, 0);
insert into vinyl (id, description, in_stock, name, price, record_label, format_id, photo_high_res_id, photo_low_res_id) values (64, 'In est risus, auctor sed, tristique in, tempus sit amet, sem. Fusce consequat. Nulla nisl. Nunc nisl. Duis bibendum, felis sed interdum venenatis, turpis enim blandit mi, in porttitor pede justo eu massa. Donec dapibus. Duis at velit eu est congue elementum.', true, 'Fintone', 15.0, 'Bode Inc', 3, 1, 0);
insert into vinyl (id, description, in_stock, name, price, record_label, format_id, photo_high_res_id, photo_low_res_id) values (65, 'Morbi odio odio, elementum eu, interdum eu, tincidunt in, leo. Maecenas pulvinar lobortis est.', false, 'Regrant', 10.81, 'Hoppe, Kuphal and Hermann', 5, 1, 0);
insert into vinyl (id, description, in_stock, name, price, record_label, format_id, photo_high_res_id, photo_low_res_id) values (66, 'Maecenas pulvinar lobortis est. Phasellus sit amet erat. Nulla tempus. Vivamus in felis eu sapien cursus vestibulum. Proin eu mi. Nulla ac enim. In tempor, turpis nec euismod scelerisque, quam turpis adipiscing lorem, vitae mattis nibh ligula nec sem. Duis aliquam convallis nunc. Proin at turpis a pede posuere nonummy. Integer non velit.', true, 'Treeflex', 16.99, 'Crona, Willms and Stracke', 8, 1, 0);
insert into vinyl (id, description, in_stock, name, price, record_label, format_id, photo_high_res_id, photo_low_res_id) values (67, 'Nullam molestie nibh in lectus. Pellentesque at nulla.', true, 'Fix San', 12.71, 'Daugherty Inc', 8, 1, 0);
insert into vinyl (id, description, in_stock, name, price, record_label, format_id, photo_high_res_id, photo_low_res_id) values (68, 'Duis bibendum. Morbi non quam nec dui luctus rutrum. Nulla tellus. In sagittis dui vel nisl. Duis ac nibh. Fusce lacus purus, aliquet at, feugiat non, pretium quis, lectus. Suspendisse potenti. In eleifend quam a odio. In hac habitasse platea dictumst. Maecenas ut massa quis augue luctus tincidunt.', true, 'Fintone', 14.24, 'Brekke, Jast and Tillman', 7, 1, 0);
insert into vinyl (id, description, in_stock, name, price, record_label, format_id, photo_high_res_id, photo_low_res_id) values (69, 'Suspendisse ornare consequat lectus. In est risus, auctor sed, tristique in, tempus sit amet, sem. Fusce consequat. Nulla nisl. Nunc nisl. Duis bibendum, felis sed interdum venenatis, turpis enim blandit mi, in porttitor pede justo eu massa. Donec dapibus. Duis at velit eu est congue elementum.', true, 'Temp', 10.5, 'Ankunding, Bode and Fay', 2, 1, 0);
insert into vinyl (id, description, in_stock, name, price, record_label, format_id, photo_high_res_id, photo_low_res_id) values (70, 'Integer aliquet, massa id lobortis convallis, tortor risus dapibus augue, vel accumsan tellus nisi eu orci. Mauris lacinia sapien quis libero. Nullam sit amet turpis elementum ligula vehicula consequat. Morbi a ipsum.', false, 'Stringtough', 14.95, 'Lang Group', 2, 1, 0);
insert into vinyl (id, description, in_stock, name, price, record_label, format_id, photo_high_res_id, photo_low_res_id) values (71, 'Morbi vestibulum, velit id pretium iaculis, diam erat fermentum justo, nec condimentum neque sapien placerat ante. Nulla justo. Aliquam quis turpis eget elit sodales scelerisque. Mauris sit amet eros. Suspendisse accumsan tortor quis turpis. Sed ante. Vivamus tortor. Duis mattis egestas metus. Aenean fermentum. Donec ut mauris eget massa tempor convallis.', true, 'Fixflex', 15.07, 'Powlowski, Collins and Feeney', 8, 1, 0);
insert into vinyl (id, description, in_stock, name, price, record_label, format_id, photo_high_res_id, photo_low_res_id) values (72, 'Nullam molestie nibh in lectus. Pellentesque at nulla. Suspendisse potenti. Cras in purus eu magna vulputate luctus.', false, 'Solarbreeze', 16.88, 'Bernhard-Kuhn', 4, 1, 0);
insert into vinyl (id, description, in_stock, name, price, record_label, format_id, photo_high_res_id, photo_low_res_id) values (73, 'Praesent blandit lacinia erat. Vestibulum sed magna at nunc commodo placerat. Praesent blandit. Nam nulla. Integer pede justo, lacinia eget, tincidunt eget, tempus vel, pede.', false, 'Konklux', 15.07, 'Kreiger and Sons', 6, 1, 0);
insert into vinyl (id, description, in_stock, name, price, record_label, format_id, photo_high_res_id, photo_low_res_id) values (74, 'Vivamus vestibulum sagittis sapien. Cum sociis natoque penatibus et magnis dis parturient montes, nascetur ridiculus mus. Etiam vel augue. Vestibulum rutrum rutrum neque. Aenean auctor gravida sem. Praesent id massa id nisl venenatis lacinia.', false, 'Rank', 10.9, 'Lebsack, Ryan and Haag', 2, 1, 0);
insert into vinyl (id, description, in_stock, name, price, record_label, format_id, photo_high_res_id, photo_low_res_id) values (75, 'Nulla neque libero, convallis eget, eleifend luctus, ultricies eu, nibh. Quisque id justo sit amet sapien dignissim vestibulum. Vestibulum ante ipsum primis in faucibus orci luctus et ultrices posuere cubilia Curae; Nulla dapibus dolor vel est. Donec odio justo, sollicitudin ut, suscipit a, feugiat et, eros.', false, 'Tin', 19.21, 'Olson Inc', 6, 1, 0);
insert into vinyl (id, description, in_stock, name, price, record_label, format_id, photo_high_res_id, photo_low_res_id) values (76, 'Nulla tellus. In sagittis dui vel nisl. Duis ac nibh. Fusce lacus purus, aliquet at, feugiat non, pretium quis, lectus. Suspendisse potenti. In eleifend quam a odio. In hac habitasse platea dictumst. Maecenas ut massa quis augue luctus tincidunt.', false, 'Otcom', 15.1, 'Dickinson, Dietrich and Deckow', 1, 1, 0);
insert into vinyl (id, description, in_stock, name, price, record_label, format_id, photo_high_res_id, photo_low_res_id) values (77, 'Vestibulum ac est lacinia nisi venenatis tristique. Fusce congue, diam id ornare imperdiet, sapien urna pretium nisl, ut volutpat sapien arcu sed augue. Aliquam erat volutpat. In congue. Etiam justo. Etiam pretium iaculis justo.', true, 'Zoolab', 10.38, 'Goodwin-Thompson', 8, 1, 0);
insert into vinyl (id, description, in_stock, name, price, record_label, format_id, photo_high_res_id, photo_low_res_id) values (78, 'Nulla neque libero, convallis eget, eleifend luctus, ultricies eu, nibh. Quisque id justo sit amet sapien dignissim vestibulum. Vestibulum ante ipsum primis in faucibus orci luctus et ultrices posuere cubilia Curae; Nulla dapibus dolor vel est. Donec odio justo, sollicitudin ut, suscipit a, feugiat et, eros. Vestibulum ac est lacinia nisi venenatis tristique. Fusce congue, diam id ornare imperdiet, sapien urna pretium nisl, ut volutpat sapien arcu sed augue. Aliquam erat volutpat. In congue.', false, 'Tempsoft', 15.87, 'Rohan, Schaefer and Cummings', 7, 1, 0);
insert into vinyl (id, description, in_stock, name, price, record_label, format_id, photo_high_res_id, photo_low_res_id) values (79, 'Cum sociis natoque penatibus et magnis dis parturient montes, nascetur ridiculus mus. Etiam vel augue. Vestibulum rutrum rutrum neque. Aenean auctor gravida sem. Praesent id massa id nisl venenatis lacinia. Aenean sit amet justo. Morbi ut odio. Cras mi pede, malesuada in, imperdiet et, commodo vulputate, justo. In blandit ultrices enim.', false, 'Sonsing', 11.41, 'Legros Group', 7, 1, 0);
insert into vinyl (id, description, in_stock, name, price, record_label, format_id, photo_high_res_id, photo_low_res_id) values (80, 'Nulla neque libero, convallis eget, eleifend luctus, ultricies eu, nibh. Quisque id justo sit amet sapien dignissim vestibulum.', true, 'Ventosanzap', 18.0, 'Reichel LLC', 8, 1, 0);
insert into vinyl (id, description, in_stock, name, price, record_label, format_id, photo_high_res_id, photo_low_res_id) values (81, 'Maecenas tristique, est et tempus semper, est quam pharetra magna, ac consequat metus sapien ut nunc. Vestibulum ante ipsum primis in faucibus orci luctus et ultrices posuere cubilia Curae; Mauris viverra diam vitae quam. Suspendisse potenti. Nullam porttitor lacus at turpis. Donec posuere metus vitae ipsum. Aliquam non mauris. Morbi non lectus. Aliquam sit amet diam in magna bibendum imperdiet. Nullam orci pede, venenatis non, sodales sed, tincidunt eu, felis.', true, 'Voyatouch', 16.65, 'Hessel-Prohaska', 6, 1, 0);
insert into vinyl (id, description, in_stock, name, price, record_label, format_id, photo_high_res_id, photo_low_res_id) values (82, 'Donec ut mauris eget massa tempor convallis. Nulla neque libero, convallis eget, eleifend luctus, ultricies eu, nibh. Quisque id justo sit amet sapien dignissim vestibulum. Vestibulum ante ipsum primis in faucibus orci luctus et ultrices posuere cubilia Curae; Nulla dapibus dolor vel est. Donec odio justo, sollicitudin ut, suscipit a, feugiat et, eros. Vestibulum ac est lacinia nisi venenatis tristique. Fusce congue, diam id ornare imperdiet, sapien urna pretium nisl, ut volutpat sapien arcu sed augue.', true, 'Opela', 15.31, 'Fisher Inc', 2, 1, 0);
insert into vinyl (id, description, in_stock, name, price, record_label, format_id, photo_high_res_id, photo_low_res_id) values (83, 'Quisque porta volutpat erat. Quisque erat eros, viverra eget, congue eget, semper rutrum, nulla. Nunc purus. Phasellus in felis. Donec semper sapien a libero. Nam dui. Proin leo odio, porttitor id, consequat in, consequat ut, nulla. Sed accumsan felis. Ut at dolor quis odio consequat varius. Integer ac leo.', true, 'Home Ing', 15.29, 'Marvin-Zieme', 5, 1, 0);
insert into vinyl (id, description, in_stock, name, price, record_label, format_id, photo_high_res_id, photo_low_res_id) values (84, 'Donec dapibus. Duis at velit eu est congue elementum.', true, 'Solarbreeze', 14.23, 'Wiza-Schinner', 4, 1, 0);
insert into vinyl (id, description, in_stock, name, price, record_label, format_id, photo_high_res_id, photo_low_res_id) values (85, 'Phasellus sit amet erat. Nulla tempus. Vivamus in felis eu sapien cursus vestibulum. Proin eu mi.', false, 'Cardguard', 14.33, 'Maggio and Sons', 8, 1, 0);
insert into vinyl (id, description, in_stock, name, price, record_label, format_id, photo_high_res_id, photo_low_res_id) values (86, 'Morbi vel lectus in quam fringilla rhoncus. Mauris enim leo, rhoncus sed, vestibulum sit amet, cursus id, turpis. Integer aliquet, massa id lobortis convallis, tortor risus dapibus augue, vel accumsan tellus nisi eu orci. Mauris lacinia sapien quis libero. Nullam sit amet turpis elementum ligula vehicula consequat. Morbi a ipsum. Integer a nibh. In quis justo. Maecenas rhoncus aliquam lacus.', false, 'Domainer', 12.91, 'Gibson Inc', 4, 1, 0);
insert into vinyl (id, description, in_stock, name, price, record_label, format_id, photo_high_res_id, photo_low_res_id) values (87, 'Donec quis orci eget orci vehicula condimentum.', true, 'Stim', 14.75, 'Denesik Group', 8, 1, 0);
insert into vinyl (id, description, in_stock, name, price, record_label, format_id, photo_high_res_id, photo_low_res_id) values (88, 'Donec posuere metus vitae ipsum. Aliquam non mauris. Morbi non lectus. Aliquam sit amet diam in magna bibendum imperdiet.', false, 'Toughjoyfax', 19.67, 'Jerde, Schinner and Gerhold', 2, 1, 0);
insert into vinyl (id, description, in_stock, name, price, record_label, format_id, photo_high_res_id, photo_low_res_id) values (89, 'Sed sagittis. Nam congue, risus semper porta volutpat, quam pede lobortis ligula, sit amet eleifend pede libero quis orci.', false, 'Regrant', 17.53, 'Gusikowski-MacGyver', 10, 1, 0);
insert into vinyl (id, description, in_stock, name, price, record_label, format_id, photo_high_res_id, photo_low_res_id) values (90, 'Proin leo odio, porttitor id, consequat in, consequat ut, nulla. Sed accumsan felis. Ut at dolor quis odio consequat varius. Integer ac leo. Pellentesque ultrices mattis odio. Donec vitae nisi. Nam ultrices, libero non mattis pulvinar, nulla pede ullamcorper augue, a suscipit nulla elit ac nulla. Sed vel enim sit amet nunc viverra dapibus. Nulla suscipit ligula in lacus.', true, 'Vagram', 13.02, 'Gusikowski, Lockman and Daniel', 5, 1, 0);
insert into vinyl (id, description, in_stock, name, price, record_label, format_id, photo_high_res_id, photo_low_res_id) values (91, 'Pellentesque viverra pede ac diam. Cras pellentesque volutpat dui. Maecenas tristique, est et tempus semper, est quam pharetra magna, ac consequat metus sapien ut nunc. Vestibulum ante ipsum primis in faucibus orci luctus et ultrices posuere cubilia Curae; Mauris viverra diam vitae quam. Suspendisse potenti. Nullam porttitor lacus at turpis. Donec posuere metus vitae ipsum. Aliquam non mauris. Morbi non lectus.', true, 'Home Ing', 18.98, 'Jast-Hoppe', 2, 1, 0);
insert into vinyl (id, description, in_stock, name, price, record_label, format_id, photo_high_res_id, photo_low_res_id) values (92, 'Cum sociis natoque penatibus et magnis dis parturient montes, nascetur ridiculus mus. Vivamus vestibulum sagittis sapien. Cum sociis natoque penatibus et magnis dis parturient montes, nascetur ridiculus mus. Etiam vel augue. Vestibulum rutrum rutrum neque. Aenean auctor gravida sem. Praesent id massa id nisl venenatis lacinia.', false, 'Stronghold', 18.84, 'Beatty and Sons', 5, 1, 0);
insert into vinyl (id, description, in_stock, name, price, record_label, format_id, photo_high_res_id, photo_low_res_id) values (93, 'Fusce posuere felis sed lacus. Morbi sem mauris, laoreet ut, rhoncus aliquet, pulvinar sed, nisl. Nunc rhoncus dui vel sem. Sed sagittis. Nam congue, risus semper porta volutpat, quam pede lobortis ligula, sit amet eleifend pede libero quis orci. Nullam molestie nibh in lectus. Pellentesque at nulla. Suspendisse potenti.', true, 'Fixflex', 18.9, 'Bartoletti and Sons', 7, 1, 0);
insert into vinyl (id, description, in_stock, name, price, record_label, format_id, photo_high_res_id, photo_low_res_id) values (94, 'Maecenas ut massa quis augue luctus tincidunt. Nulla mollis molestie lorem. Quisque ut erat. Curabitur gravida nisi at nibh. In hac habitasse platea dictumst. Aliquam augue quam, sollicitudin vitae, consectetuer eget, rutrum at, lorem. Integer tincidunt ante vel ipsum. Praesent blandit lacinia erat. Vestibulum sed magna at nunc commodo placerat. Praesent blandit.', false, 'Voltsillam', 18.15, 'Gutkowski LLC', 3, 1, 0);
insert into vinyl (id, description, in_stock, name, price, record_label, format_id, photo_high_res_id, photo_low_res_id) values (95, 'In hac habitasse platea dictumst. Morbi vestibulum, velit id pretium iaculis, diam erat fermentum justo, nec condimentum neque sapien placerat ante. Nulla justo.', true, 'Rank', 17.51, 'Mitchell, Collier and Schuppe', 9, 1, 0);
insert into vinyl (id, description, in_stock, name, price, record_label, format_id, photo_high_res_id, photo_low_res_id) values (96, 'In congue. Etiam justo. Etiam pretium iaculis justo. In hac habitasse platea dictumst. Etiam faucibus cursus urna. Ut tellus. Nulla ut erat id mauris vulputate elementum. Nullam varius.', true, 'Bitchip', 16.8, 'Herman, Gibson and Connelly', 4, 1, 0);
insert into vinyl (id, description, in_stock, name, price, record_label, format_id, photo_high_res_id, photo_low_res_id) values (97, 'Duis ac nibh. Fusce lacus purus, aliquet at, feugiat non, pretium quis, lectus. Suspendisse potenti. In eleifend quam a odio. In hac habitasse platea dictumst. Maecenas ut massa quis augue luctus tincidunt.', false, 'Cookley', 10.12, 'Roob, Reichert and Gerhold', 7, 1, 0);
insert into vinyl (id, description, in_stock, name, price, record_label, format_id, photo_high_res_id, photo_low_res_id) values (98, 'Integer non velit. Donec diam neque, vestibulum eget, vulputate ut, ultrices vel, augue. Vestibulum ante ipsum primis in faucibus orci luctus et ultrices posuere cubilia Curae; Donec pharetra, magna vestibulum aliquet ultrices, erat tortor sollicitudin mi, sit amet lobortis sapien sapien non mi. Integer ac neque. Duis bibendum. Morbi non quam nec dui luctus rutrum.', true, 'Fintone', 11.16, 'Hansen LLC', 5, 1, 0);
insert into vinyl (id, description, in_stock, name, price, record_label, format_id, photo_high_res_id, photo_low_res_id) values (99, 'Maecenas leo odio, condimentum id, luctus nec, molestie sed, justo.', true, 'Fix San', 14.13, 'Aufderhar and Sons', 5, 1, 0);
insert into vinyl (id, description, in_stock, name, price, record_label, format_id, photo_high_res_id, photo_low_res_id) values (100, 'Nullam molestie nibh in lectus. Pellentesque at nulla. Suspendisse potenti. Cras in purus eu magna vulputate luctus. Cum sociis natoque penatibus et magnis dis parturient montes, nascetur ridiculus mus. Vivamus vestibulum sagittis sapien.', false, 'Aerified', 17.42, 'Reichel-Jones', 2, 1, 0);
-- artist table population
insert into artist (id, description, name, photo_id) values (1, 'Pellentesque eget nunc. Donec quis orci eget orci vehicula condimentum. Curabitur in libero ut massa volutpat convallis. Morbi odio odio, elementum eu, interdum eu, tincidunt in, leo. Maecenas pulvinar lobortis est. Phasellus sit amet erat. Nulla tempus. Vivamus in felis eu sapien cursus vestibulum. Proin eu mi.', 'Alexis Rosingdall', 2);
insert into artist (id, description, name, photo_id) values (2, 'Proin risus. Praesent lectus. Vestibulum quam sapien, varius ut, blandit non, interdum in, ante.', 'Tabbie Peegrem', 2);
insert into artist (id, description, name, photo_id) values (3, 'Phasellus id sapien in sapien iaculis congue. Vivamus metus arcu, adipiscing molestie, hendrerit at, vulputate vitae, nisl. Aenean lectus. Pellentesque eget nunc. Donec quis orci eget orci vehicula condimentum. Curabitur in libero ut massa volutpat convallis. Morbi odio odio, elementum eu, interdum eu, tincidunt in, leo. Maecenas pulvinar lobortis est. Phasellus sit amet erat. Nulla tempus.', 'Vassili Van Leijs', 2);
insert into artist (id, description, name, photo_id) values (4, 'Integer pede justo, lacinia eget, tincidunt eget, tempus vel, pede. Morbi porttitor lorem id ligula. Suspendisse ornare consequat lectus. In est risus, auctor sed, tristique in, tempus sit amet, sem. Fusce consequat. Nulla nisl. Nunc nisl. Duis bibendum, felis sed interdum venenatis, turpis enim blandit mi, in porttitor pede justo eu massa. Donec dapibus. Duis at velit eu est congue elementum.', 'Veradis Giorgioni', 2);
insert into artist (id, description, name, photo_id) values (5, 'In quis justo. Maecenas rhoncus aliquam lacus. Morbi quis tortor id nulla ultrices aliquet. Maecenas leo odio, condimentum id, luctus nec, molestie sed, justo. Pellentesque viverra pede ac diam.', 'Coraline Casajuana', 2);
insert into artist (id, description, name, photo_id) values (6, 'Etiam faucibus cursus urna. Ut tellus. Nulla ut erat id mauris vulputate elementum.', 'Dierdre Fishby', 2);
insert into artist (id, description, name, photo_id) values (7, 'Curabitur convallis. Duis consequat dui nec nisi volutpat eleifend. Donec ut dolor. Morbi vel lectus in quam fringilla rhoncus. Mauris enim leo, rhoncus sed, vestibulum sit amet, cursus id, turpis. Integer aliquet, massa id lobortis convallis, tortor risus dapibus augue, vel accumsan tellus nisi eu orci.', 'Doralia Hugonet', 2);
insert into artist (id, description, name, photo_id) values (8, 'Donec diam neque, vestibulum eget, vulputate ut, ultrices vel, augue. Vestibulum ante ipsum primis in faucibus orci luctus et ultrices posuere cubilia Curae; Donec pharetra, magna vestibulum aliquet ultrices, erat tortor sollicitudin mi, sit amet lobortis sapien sapien non mi. Integer ac neque. Duis bibendum. Morbi non quam nec dui luctus rutrum. Nulla tellus. In sagittis dui vel nisl. Duis ac nibh. Fusce lacus purus, aliquet at, feugiat non, pretium quis, lectus. Suspendisse potenti.', 'Sander Kinder', 2);
insert into artist (id, description, name, photo_id) values (9, 'Aliquam quis turpis eget elit sodales scelerisque. Mauris sit amet eros. Suspendisse accumsan tortor quis turpis. Sed ante. Vivamus tortor. Duis mattis egestas metus. Aenean fermentum. Donec ut mauris eget massa tempor convallis. Nulla neque libero, convallis eget, eleifend luctus, ultricies eu, nibh.', 'Ulla Filipyev', 2);
insert into artist (id, description, name, photo_id) values (10, 'Duis at velit eu est congue elementum. In hac habitasse platea dictumst.', 'Isacco Trevan', 2);
insert into artist (id, description, name, photo_id) values (11, 'Vivamus vel nulla eget eros elementum pellentesque.', 'Salvatore Challoner', 2);
insert into artist (id, description, name, photo_id) values (12, 'In hac habitasse platea dictumst. Morbi vestibulum, velit id pretium iaculis, diam erat fermentum justo, nec condimentum neque sapien placerat ante. Nulla justo. Aliquam quis turpis eget elit sodales scelerisque. Mauris sit amet eros. Suspendisse accumsan tortor quis turpis. Sed ante. Vivamus tortor. Duis mattis egestas metus.', 'Claudette Hum', 2);
insert into artist (id, description, name, photo_id) values (13, 'Morbi non lectus. Aliquam sit amet diam in magna bibendum imperdiet. Nullam orci pede, venenatis non, sodales sed, tincidunt eu, felis. Fusce posuere felis sed lacus. Morbi sem mauris, laoreet ut, rhoncus aliquet, pulvinar sed, nisl.', 'Aubine Florey', 2);
insert into artist (id, description, name, photo_id) values (14, 'Vestibulum ante ipsum primis in faucibus orci luctus et ultrices posuere cubilia Curae; Donec pharetra, magna vestibulum aliquet ultrices, erat tortor sollicitudin mi, sit amet lobortis sapien sapien non mi.', 'Mildrid Rissen', 2);
insert into artist (id, description, name, photo_id) values (15, 'In sagittis dui vel nisl. Duis ac nibh. Fusce lacus purus, aliquet at, feugiat non, pretium quis, lectus. Suspendisse potenti. In eleifend quam a odio.', 'James Bartke', 2);
insert into artist (id, description, name, photo_id) values (16, 'Mauris ullamcorper purus sit amet nulla. Quisque arcu libero, rutrum ac, lobortis vel, dapibus at, diam. Nam tristique tortor eu pede.', 'My O''Cannavan', 2);
insert into artist (id, description, name, photo_id) values (17, 'Proin risus. Praesent lectus. Vestibulum quam sapien, varius ut, blandit non, interdum in, ante. Vestibulum ante ipsum primis in faucibus orci luctus et ultrices posuere cubilia Curae; Duis faucibus accumsan odio. Curabitur convallis. Duis consequat dui nec nisi volutpat eleifend. Donec ut dolor. Morbi vel lectus in quam fringilla rhoncus. Mauris enim leo, rhoncus sed, vestibulum sit amet, cursus id, turpis. Integer aliquet, massa id lobortis convallis, tortor risus dapibus augue, vel accumsan tellus nisi eu orci.', 'Even Paolacci', 2);
insert into artist (id, description, name, photo_id) values (18, 'Aenean auctor gravida sem. Praesent id massa id nisl venenatis lacinia.', 'Lonnie Goundrill', 2);
insert into artist (id, description, name, photo_id) values (19, 'Cras mi pede, malesuada in, imperdiet et, commodo vulputate, justo. In blandit ultrices enim. Lorem ipsum dolor sit amet, consectetuer adipiscing elit. Proin interdum mauris non ligula pellentesque ultrices. Phasellus id sapien in sapien iaculis congue.', 'Jase Mathonnet', 2);
insert into artist (id, description, name, photo_id) values (20, 'Integer aliquet, massa id lobortis convallis, tortor risus dapibus augue, vel accumsan tellus nisi eu orci. Mauris lacinia sapien quis libero.', 'Denys Scones', 2);
insert into artist (id, description, name, photo_id) values (21, 'In blandit ultrices enim. Lorem ipsum dolor sit amet, consectetuer adipiscing elit.', 'Yvon Old', 2);
insert into artist (id, description, name, photo_id) values (22, 'Vivamus tortor.', 'Bartel Fitter', 2);
insert into artist (id, description, name, photo_id) values (23, 'Mauris lacinia sapien quis libero. Nullam sit amet turpis elementum ligula vehicula consequat. Morbi a ipsum.', 'Camille Ismirnioglou', 2);
insert into artist (id, description, name, photo_id) values (24, 'Proin at turpis a pede posuere nonummy. Integer non velit. Donec diam neque, vestibulum eget, vulputate ut, ultrices vel, augue. Vestibulum ante ipsum primis in faucibus orci luctus et ultrices posuere cubilia Curae; Donec pharetra, magna vestibulum aliquet ultrices, erat tortor sollicitudin mi, sit amet lobortis sapien sapien non mi. Integer ac neque. Duis bibendum. Morbi non quam nec dui luctus rutrum. Nulla tellus. In sagittis dui vel nisl. Duis ac nibh.', 'Glad Kender', 2);
insert into artist (id, description, name, photo_id) values (25, 'Cras non velit nec nisi vulputate nonummy.', 'Phillipe McQuirk', 2);
insert into artist (id, description, name, photo_id) values (26, 'Lorem ipsum dolor sit amet, consectetuer adipiscing elit. Proin interdum mauris non ligula pellentesque ultrices. Phasellus id sapien in sapien iaculis congue. Vivamus metus arcu, adipiscing molestie, hendrerit at, vulputate vitae, nisl.', 'Freeland Bogeys', 2);
insert into artist (id, description, name, photo_id) values (27, 'Fusce posuere felis sed lacus. Morbi sem mauris, laoreet ut, rhoncus aliquet, pulvinar sed, nisl. Nunc rhoncus dui vel sem. Sed sagittis. Nam congue, risus semper porta volutpat, quam pede lobortis ligula, sit amet eleifend pede libero quis orci. Nullam molestie nibh in lectus. Pellentesque at nulla. Suspendisse potenti. Cras in purus eu magna vulputate luctus. Cum sociis natoque penatibus et magnis dis parturient montes, nascetur ridiculus mus.', 'Bernhard Garr', 2);
insert into artist (id, description, name, photo_id) values (28, 'In sagittis dui vel nisl. Duis ac nibh. Fusce lacus purus, aliquet at, feugiat non, pretium quis, lectus. Suspendisse potenti. In eleifend quam a odio.', 'Binky Barrack', 2);
insert into artist (id, description, name, photo_id) values (29, 'Nullam orci pede, venenatis non, sodales sed, tincidunt eu, felis. Fusce posuere felis sed lacus. Morbi sem mauris, laoreet ut, rhoncus aliquet, pulvinar sed, nisl.', 'Lyn De Hoogh', 2);
insert into artist (id, description, name, photo_id) values (30, 'Proin at turpis a pede posuere nonummy.', 'Antonio Petrusch', 2);
insert into artist (id, description, name, photo_id) values (31, 'In eleifend quam a odio. In hac habitasse platea dictumst. Maecenas ut massa quis augue luctus tincidunt. Nulla mollis molestie lorem. Quisque ut erat.', 'Roy Sheircliffe', 2);
insert into artist (id, description, name, photo_id) values (32, 'Nullam orci pede, venenatis non, sodales sed, tincidunt eu, felis. Fusce posuere felis sed lacus. Morbi sem mauris, laoreet ut, rhoncus aliquet, pulvinar sed, nisl. Nunc rhoncus dui vel sem.', 'Elfreda Faunch', 2);
insert into artist (id, description, name, photo_id) values (33, 'Integer tincidunt ante vel ipsum. Praesent blandit lacinia erat. Vestibulum sed magna at nunc commodo placerat. Praesent blandit. Nam nulla. Integer pede justo, lacinia eget, tincidunt eget, tempus vel, pede. Morbi porttitor lorem id ligula. Suspendisse ornare consequat lectus.', 'Cassius Leeming', 2);
insert into artist (id, description, name, photo_id) values (34, 'Integer non velit. Donec diam neque, vestibulum eget, vulputate ut, ultrices vel, augue. Vestibulum ante ipsum primis in faucibus orci luctus et ultrices posuere cubilia Curae; Donec pharetra, magna vestibulum aliquet ultrices, erat tortor sollicitudin mi, sit amet lobortis sapien sapien non mi. Integer ac neque. Duis bibendum. Morbi non quam nec dui luctus rutrum. Nulla tellus. In sagittis dui vel nisl. Duis ac nibh.', 'Aubrette Rowbury', 2);
insert into artist (id, description, name, photo_id) values (35, 'Nam ultrices, libero non mattis pulvinar, nulla pede ullamcorper augue, a suscipit nulla elit ac nulla. Sed vel enim sit amet nunc viverra dapibus. Nulla suscipit ligula in lacus. Curabitur at ipsum ac tellus semper interdum. Mauris ullamcorper purus sit amet nulla. Quisque arcu libero, rutrum ac, lobortis vel, dapibus at, diam. Nam tristique tortor eu pede.', 'Waite Knappitt', 2);
insert into artist (id, description, name, photo_id) values (36, 'Integer non velit.', 'Felizio Kharchinski', 2);
insert into artist (id, description, name, photo_id) values (37, 'Sed ante. Vivamus tortor. Duis mattis egestas metus. Aenean fermentum. Donec ut mauris eget massa tempor convallis. Nulla neque libero, convallis eget, eleifend luctus, ultricies eu, nibh. Quisque id justo sit amet sapien dignissim vestibulum.', 'Beitris Rabbitt', 2);
insert into artist (id, description, name, photo_id) values (38, 'Vestibulum quam sapien, varius ut, blandit non, interdum in, ante. Vestibulum ante ipsum primis in faucibus orci luctus et ultrices posuere cubilia Curae; Duis faucibus accumsan odio. Curabitur convallis. Duis consequat dui nec nisi volutpat eleifend. Donec ut dolor.', 'Vicki Risso', 2);
insert into artist (id, description, name, photo_id) values (39, 'In quis justo. Maecenas rhoncus aliquam lacus.', 'Ruddie Bartod', 2);
insert into artist (id, description, name, photo_id) values (40, 'Donec dapibus. Duis at velit eu est congue elementum. In hac habitasse platea dictumst. Morbi vestibulum, velit id pretium iaculis, diam erat fermentum justo, nec condimentum neque sapien placerat ante. Nulla justo. Aliquam quis turpis eget elit sodales scelerisque. Mauris sit amet eros.', 'Kath Leathwood', 2);
insert into artist (id, description, name, photo_id) values (41, 'Donec vitae nisi.', 'Jessa Revel', 2);
insert into artist (id, description, name, photo_id) values (42, 'Pellentesque eget nunc. Donec quis orci eget orci vehicula condimentum. Curabitur in libero ut massa volutpat convallis. Morbi odio odio, elementum eu, interdum eu, tincidunt in, leo. Maecenas pulvinar lobortis est. Phasellus sit amet erat. Nulla tempus. Vivamus in felis eu sapien cursus vestibulum. Proin eu mi. Nulla ac enim.', 'Oran Shortell', 2);
insert into artist (id, description, name, photo_id) values (43, 'Nulla ac enim. In tempor, turpis nec euismod scelerisque, quam turpis adipiscing lorem, vitae mattis nibh ligula nec sem. Duis aliquam convallis nunc. Proin at turpis a pede posuere nonummy. Integer non velit. Donec diam neque, vestibulum eget, vulputate ut, ultrices vel, augue. Vestibulum ante ipsum primis in faucibus orci luctus et ultrices posuere cubilia Curae; Donec pharetra, magna vestibulum aliquet ultrices, erat tortor sollicitudin mi, sit amet lobortis sapien sapien non mi.', 'Minor Coppock.', 2);
insert into artist (id, description, name, photo_id) values (44, 'Vestibulum ante ipsum primis in faucibus orci luctus et ultrices posuere cubilia Curae; Donec pharetra, magna vestibulum aliquet ultrices, erat tortor sollicitudin mi, sit amet lobortis sapien sapien non mi. Integer ac neque. Duis bibendum. Morbi non quam nec dui luctus rutrum. Nulla tellus.', 'Wilow Northcote', 2);
insert into artist (id, description, name, photo_id) values (45, 'Quisque erat eros, viverra eget, congue eget, semper rutrum, nulla. Nunc purus. Phasellus in felis.', 'Trip Wolfers', 2);
insert into artist (id, description, name, photo_id) values (46, 'Vestibulum ante ipsum primis in faucibus orci luctus et ultrices posuere cubilia Curae; Mauris viverra diam vitae quam.', 'Minta Jennins', 2);
insert into artist (id, description, name, photo_id) values (47, 'In est risus, auctor sed, tristique in, tempus sit amet, sem. Fusce consequat. Nulla nisl. Nunc nisl.', 'Mortimer Brabin', 2);
insert into artist (id, description, name, photo_id) values (48, 'Cras non velit nec nisi vulputate nonummy. Maecenas tincidunt lacus at velit. Vivamus vel nulla eget eros elementum pellentesque. Quisque porta volutpat erat. Quisque erat eros, viverra eget, congue eget, semper rutrum, nulla. Nunc purus. Phasellus in felis. Donec semper sapien a libero.', 'Paton Benneton', 2);
insert into artist (id, description, name, photo_id) values (49, 'Nulla tellus. In sagittis dui vel nisl. Duis ac nibh.', 'Sybille Bold', 2);
insert into artist (id, description, name, photo_id) values (50, 'Nullam orci pede, venenatis non, sodales sed, tincidunt eu, felis. Fusce posuere felis sed lacus. Morbi sem mauris, laoreet ut, rhoncus aliquet, pulvinar sed, nisl. Nunc rhoncus dui vel sem. Sed sagittis. Nam congue, risus semper porta volutpat, quam pede lobortis ligula, sit amet eleifend pede libero quis orci. Nullam molestie nibh in lectus. Pellentesque at nulla. Suspendisse potenti.', 'Tabatha Rivaland', 2);
-- genre table population
insert into genre (id, name) values (1, 'Rock');
insert into genre (id, name) values (2, 'SynthPop');
insert into genre (id, name) values (3, 'Musical');
insert into genre (id, name) values (4, 'Techno');
insert into genre (id, name) values (5, 'Alternative Rock');
insert into genre (id, name) values (6, 'Classical');
insert into genre (id, name) values (7, 'Rap');
insert into genre (id, name) values (8, 'Hip-Hop');
insert into genre (id, name) values (9, 'Drum&Bass');
insert into genre (id, name) values (10, 'Jazz');
-- vinyl_artist table population
insert into vinyl_artists (vinyl_id, artists_id) values (1, 32);
insert into vinyl_artists (vinyl_id, artists_id) values (2, 44);
insert into vinyl_artists (vinyl_id, artists_id) values (3, 35);
insert into vinyl_artists (vinyl_id, artists_id) values (4, 22);
insert into vinyl_artists (vinyl_id, artists_id) values (5, 9);
insert into vinyl_artists (vinyl_id, artists_id) values (6, 20);
insert into vinyl_artists (vinyl_id, artists_id) values (7, 49);
insert into vinyl_artists (vinyl_id, artists_id) values (8, 33);
insert into vinyl_artists (vinyl_id, artists_id) values (9, 11);
insert into vinyl_artists (vinyl_id, artists_id) values (10, 12);
insert into vinyl_artists (vinyl_id, artists_id) values (11, 47);
insert into vinyl_artists (vinyl_id, artists_id) values (12, 23);
insert into vinyl_artists (vinyl_id, artists_id) values (13, 30);
insert into vinyl_artists (vinyl_id, artists_id) values (14, 28);
insert into vinyl_artists (vinyl_id, artists_id) values (15, 40);
insert into vinyl_artists (vinyl_id, artists_id) values (16, 4);
insert into vinyl_artists (vinyl_id, artists_id) values (17, 17);
insert into vinyl_artists (vinyl_id, artists_id) values (18, 8);
insert into vinyl_artists (vinyl_id, artists_id) values (19, 24);
insert into vinyl_artists (vinyl_id, artists_id) values (20, 10);
insert into vinyl_artists (vinyl_id, artists_id) values (21, 31);
insert into vinyl_artists (vinyl_id, artists_id) values (22, 8);
insert into vinyl_artists (vinyl_id, artists_id) values (23, 1);
insert into vinyl_artists (vinyl_id, artists_id) values (24, 27);
insert into vinyl_artists (vinyl_id, artists_id) values (25, 7);
insert into vinyl_artists (vinyl_id, artists_id) values (26, 37);
insert into vinyl_artists (vinyl_id, artists_id) values (27, 46);
insert into vinyl_artists (vinyl_id, artists_id) values (28, 11);
insert into vinyl_artists (vinyl_id, artists_id) values (29, 23);
insert into vinyl_artists (vinyl_id, artists_id) values (30, 7);
insert into vinyl_artists (vinyl_id, artists_id) values (31, 5);
insert into vinyl_artists (vinyl_id, artists_id) values (32, 28);
insert into vinyl_artists (vinyl_id, artists_id) values (33, 43);
insert into vinyl_artists (vinyl_id, artists_id) values (34, 1);
insert into vinyl_artists (vinyl_id, artists_id) values (35, 26);
insert into vinyl_artists (vinyl_id, artists_id) values (36, 43);
insert into vinyl_artists (vinyl_id, artists_id) values (37, 29);
insert into vinyl_artists (vinyl_id, artists_id) values (38, 38);
insert into vinyl_artists (vinyl_id, artists_id) values (39, 36);
insert into vinyl_artists (vinyl_id, artists_id) values (40, 11);
insert into vinyl_artists (vinyl_id, artists_id) values (41, 16);
insert into vinyl_artists (vinyl_id, artists_id) values (42, 11);
insert into vinyl_artists (vinyl_id, artists_id) values (43, 10);
insert into vinyl_artists (vinyl_id, artists_id) values (44, 8);
insert into vinyl_artists (vinyl_id, artists_id) values (45, 27);
insert into vinyl_artists (vinyl_id, artists_id) values (46, 47);
insert into vinyl_artists (vinyl_id, artists_id) values (47, 23);
insert into vinyl_artists (vinyl_id, artists_id) values (48, 16);
insert into vinyl_artists (vinyl_id, artists_id) values (49, 30);
insert into vinyl_artists (vinyl_id, artists_id) values (50, 43);
insert into vinyl_artists (vinyl_id, artists_id) values (51, 8);
insert into vinyl_artists (vinyl_id, artists_id) values (52, 35);
insert into vinyl_artists (vinyl_id, artists_id) values (53, 41);
insert into vinyl_artists (vinyl_id, artists_id) values (54, 33);
insert into vinyl_artists (vinyl_id, artists_id) values (55, 32);
insert into vinyl_artists (vinyl_id, artists_id) values (56, 39);
insert into vinyl_artists (vinyl_id, artists_id) values (57, 31);
insert into vinyl_artists (vinyl_id, artists_id) values (58, 17);
insert into vinyl_artists (vinyl_id, artists_id) values (59, 4);
insert into vinyl_artists (vinyl_id, artists_id) values (60, 14);
insert into vinyl_artists (vinyl_id, artists_id) values (61, 12);
insert into vinyl_artists (vinyl_id, artists_id) values (62, 18);
insert into vinyl_artists (vinyl_id, artists_id) values (63, 15);
insert into vinyl_artists (vinyl_id, artists_id) values (64, 17);
insert into vinyl_artists (vinyl_id, artists_id) values (65, 37);
insert into vinyl_artists (vinyl_id, artists_id) values (66, 42);
insert into vinyl_artists (vinyl_id, artists_id) values (67, 6);
insert into vinyl_artists (vinyl_id, artists_id) values (68, 27);
insert into vinyl_artists (vinyl_id, artists_id) values (69, 47);
insert into vinyl_artists (vinyl_id, artists_id) values (70, 28);
insert into vinyl_artists (vinyl_id, artists_id) values (71, 16);
insert into vinyl_artists (vinyl_id, artists_id) values (72, 12);
insert into vinyl_artists (vinyl_id, artists_id) values (73, 31);
insert into vinyl_artists (vinyl_id, artists_id) values (74, 6);
insert into vinyl_artists (vinyl_id, artists_id) values (75, 11);
insert into vinyl_artists (vinyl_id, artists_id) values (76, 8);
insert into vinyl_artists (vinyl_id, artists_id) values (77, 5);
insert into vinyl_artists (vinyl_id, artists_id) values (78, 40);
insert into vinyl_artists (vinyl_id, artists_id) values (79, 11);
insert into vinyl_artists (vinyl_id, artists_id) values (80, 4);
insert into vinyl_artists (vinyl_id, artists_id) values (81, 22);
insert into vinyl_artists (vinyl_id, artists_id) values (82, 26);
insert into vinyl_artists (vinyl_id, artists_id) values (83, 44);
insert into vinyl_artists (vinyl_id, artists_id) values (84, 11);
insert into vinyl_artists (vinyl_id, artists_id) values (85, 4);
insert into vinyl_artists (vinyl_id, artists_id) values (86, 21);
insert into vinyl_artists (vinyl_id, artists_id) values (87, 7);
insert into vinyl_artists (vinyl_id, artists_id) values (88, 29);
insert into vinyl_artists (vinyl_id, artists_id) values (89, 1);
insert into vinyl_artists (vinyl_id, artists_id) values (90, 47);
insert into vinyl_artists (vinyl_id, artists_id) values (91, 12);
insert into vinyl_artists (vinyl_id, artists_id) values (92, 29);
insert into vinyl_artists (vinyl_id, artists_id) values (93, 5);
insert into vinyl_artists (vinyl_id, artists_id) values (94, 18);
insert into vinyl_artists (vinyl_id, artists_id) values (95, 33);
insert into vinyl_artists (vinyl_id, artists_id) values (96, 24);
insert into vinyl_artists (vinyl_id, artists_id) values (97, 32);
insert into vinyl_artists (vinyl_id, artists_id) values (98, 42);
insert into vinyl_artists (vinyl_id, artists_id) values (99, 18);
insert into vinyl_artists (vinyl_id, artists_id) values (100, 6);
-- vinyl_genres table population
insert into vinyl_genres (vinyl_id, genres_id) values (1, 9);
insert into vinyl_genres (vinyl_id, genres_id) values (2, 6);
insert into vinyl_genres (vinyl_id, genres_id) values (3, 4);
insert into vinyl_genres (vinyl_id, genres_id) values (4, 9);
insert into vinyl_genres (vinyl_id, genres_id) values (5, 3);
insert into vinyl_genres (vinyl_id, genres_id) values (6, 4);
insert into vinyl_genres (vinyl_id, genres_id) values (7, 9);
insert into vinyl_genres (vinyl_id, genres_id) values (8, 8);
insert into vinyl_genres (vinyl_id, genres_id) values (9, 9);
insert into vinyl_genres (vinyl_id, genres_id) values (10, 7);
insert into vinyl_genres (vinyl_id, genres_id) values (11, 1);
insert into vinyl_genres (vinyl_id, genres_id) values (12, 5);
insert into vinyl_genres (vinyl_id, genres_id) values (13, 2);
insert into vinyl_genres (vinyl_id, genres_id) values (14, 3);
insert into vinyl_genres (vinyl_id, genres_id) values (15, 2);
insert into vinyl_genres (vinyl_id, genres_id) values (16, 10);
insert into vinyl_genres (vinyl_id, genres_id) values (17, 7);
insert into vinyl_genres (vinyl_id, genres_id) values (18, 2);
insert into vinyl_genres (vinyl_id, genres_id) values (19, 7);
insert into vinyl_genres (vinyl_id, genres_id) values (20, 4);
insert into vinyl_genres (vinyl_id, genres_id) values (21, 7);
insert into vinyl_genres (vinyl_id, genres_id) values (22, 7);
insert into vinyl_genres (vinyl_id, genres_id) values (23, 5);
insert into vinyl_genres (vinyl_id, genres_id) values (24, 5);
insert into vinyl_genres (vinyl_id, genres_id) values (25, 8);
insert into vinyl_genres (vinyl_id, genres_id) values (26, 5);
insert into vinyl_genres (vinyl_id, genres_id) values (27, 4);
insert into vinyl_genres (vinyl_id, genres_id) values (28, 4);
insert into vinyl_genres (vinyl_id, genres_id) values (29, 1);
insert into vinyl_genres (vinyl_id, genres_id) values (30, 9);
insert into vinyl_genres (vinyl_id, genres_id) values (31, 2);
insert into vinyl_genres (vinyl_id, genres_id) values (32, 10);
insert into vinyl_genres (vinyl_id, genres_id) values (33, 4);
insert into vinyl_genres (vinyl_id, genres_id) values (34, 1);
insert into vinyl_genres (vinyl_id, genres_id) values (35, 1);
insert into vinyl_genres (vinyl_id, genres_id) values (36, 8);
insert into vinyl_genres (vinyl_id, genres_id) values (37, 1);
insert into vinyl_genres (vinyl_id, genres_id) values (38, 2);
insert into vinyl_genres (vinyl_id, genres_id) values (39, 2);
insert into vinyl_genres (vinyl_id, genres_id) values (40, 10);
insert into vinyl_genres (vinyl_id, genres_id) values (41, 6);
insert into vinyl_genres (vinyl_id, genres_id) values (42, 7);
insert into vinyl_genres (vinyl_id, genres_id) values (43, 7);
insert into vinyl_genres (vinyl_id, genres_id) values (44, 6);
insert into vinyl_genres (vinyl_id, genres_id) values (45, 10);
insert into vinyl_genres (vinyl_id, genres_id) values (46, 8);
insert into vinyl_genres (vinyl_id, genres_id) values (47, 6);
insert into vinyl_genres (vinyl_id, genres_id) values (48, 6);
insert into vinyl_genres (vinyl_id, genres_id) values (49, 3);
insert into vinyl_genres (vinyl_id, genres_id) values (50, 6);
insert into vinyl_genres (vinyl_id, genres_id) values (51, 1);
insert into vinyl_genres (vinyl_id, genres_id) values (52, 2);
insert into vinyl_genres (vinyl_id, genres_id) values (53, 8);
insert into vinyl_genres (vinyl_id, genres_id) values (54, 9);
insert into vinyl_genres (vinyl_id, genres_id) values (55, 9);
insert into vinyl_genres (vinyl_id, genres_id) values (56, 7);
insert into vinyl_genres (vinyl_id, genres_id) values (57, 3);
insert into vinyl_genres (vinyl_id, genres_id) values (58, 9);
insert into vinyl_genres (vinyl_id, genres_id) values (59, 10);
insert into vinyl_genres (vinyl_id, genres_id) values (60, 9);
insert into vinyl_genres (vinyl_id, genres_id) values (61, 10);
insert into vinyl_genres (vinyl_id, genres_id) values (62, 9);
insert into vinyl_genres (vinyl_id, genres_id) values (63, 8);
insert into vinyl_genres (vinyl_id, genres_id) values (64, 4);
insert into vinyl_genres (vinyl_id, genres_id) values (65, 10);
insert into vinyl_genres (vinyl_id, genres_id) values (66, 5);
insert into vinyl_genres (vinyl_id, genres_id) values (67, 10);
insert into vinyl_genres (vinyl_id, genres_id) values (68, 2);
insert into vinyl_genres (vinyl_id, genres_id) values (69, 9);
insert into vinyl_genres (vinyl_id, genres_id) values (70, 5);
insert into vinyl_genres (vinyl_id, genres_id) values (71, 5);
insert into vinyl_genres (vinyl_id, genres_id) values (72, 1);
insert into vinyl_genres (vinyl_id, genres_id) values (73, 6);
insert into vinyl_genres (vinyl_id, genres_id) values (74, 5);
insert into vinyl_genres (vinyl_id, genres_id) values (75, 2);
insert into vinyl_genres (vinyl_id, genres_id) values (76, 10);
insert into vinyl_genres (vinyl_id, genres_id) values (77, 9);
insert into vinyl_genres (vinyl_id, genres_id) values (78, 5);
insert into vinyl_genres (vinyl_id, genres_id) values (79, 5);
insert into vinyl_genres (vinyl_id, genres_id) values (80, 3);
insert into vinyl_genres (vinyl_id, genres_id) values (81, 1);
insert into vinyl_genres (vinyl_id, genres_id) values (82, 10);
insert into vinyl_genres (vinyl_id, genres_id) values (83, 7);
insert into vinyl_genres (vinyl_id, genres_id) values (84, 9);
insert into vinyl_genres (vinyl_id, genres_id) values (85, 5);
insert into vinyl_genres (vinyl_id, genres_id) values (86, 2);
insert into vinyl_genres (vinyl_id, genres_id) values (87, 6);
insert into vinyl_genres (vinyl_id, genres_id) values (88, 6);
insert into vinyl_genres (vinyl_id, genres_id) values (89, 4);
insert into vinyl_genres (vinyl_id, genres_id) values (90, 4);
insert into vinyl_genres (vinyl_id, genres_id) values (91, 8);
insert into vinyl_genres (vinyl_id, genres_id) values (92, 4);
insert into vinyl_genres (vinyl_id, genres_id) values (93, 7);
insert into vinyl_genres (vinyl_id, genres_id) values (94, 3);
insert into vinyl_genres (vinyl_id, genres_id) values (95, 1);
insert into vinyl_genres (vinyl_id, genres_id) values (96, 6);
insert into vinyl_genres (vinyl_id, genres_id) values (97, 10);
insert into vinyl_genres (vinyl_id, genres_id) values (98, 6);
insert into vinyl_genres (vinyl_id, genres_id) values (99, 8);
insert into vinyl_genres (vinyl_id, genres_id) values (100, 5);


